bun test v1.4.1 (4661e494f)

test/shutdown-hooks.test.ts:
(pass) entry-point shutdown handlers > SIGINT/SIGTERM handler awaits stop() completion before exiting [0.10ms]
app shutdown incident 55 |     const sigterm = handlers.get("SIGTERM");
56 |     if (sigterm === undefined) throw new Error("expected a SIGTERM handler");
57 | 
58 |     sigterm();
59 |     expect(exits).toEqual([]);
60 |     rejectStop(new Error("flush failed"));
                        ^
error: flush failed
      at <anonymous> (/Users/ino/Develop/openomni-w52/apps/openomni/test/shutdown-hooks.test.ts:60:20)

(pass) entry-point shutdown handlers > handler exits non-zero when stop() rejects [0.18ms]

test/request-domain-cas.test.ts:
(pass) an endpoint changed at body entry cannot spend consent for its old binding [27.48ms]
(pass) a second Owner decision cannot spend the same promotion CAS [8.16ms]

test/cli-entry.test.ts:
(pass) real CLI entry > managed output cancellation settles a blocked stream read [0.13ms]
(pass) real CLI entry > help dispatch {"args":[]} [296.49ms]
(pass) real CLI entry > help dispatch {"args":["help"]} [322.43ms]
(pass) real CLI entry > help dispatch {"args":["--help"]} [281.50ms]
(pass) real CLI entry > help dispatch {"args":["-h"]} [284.72ms]
(pass) real CLI entry > rejects invalid dispatch {"args":["not-a-command"]} [358.73ms]
(pass) real CLI entry > rejects invalid dispatch {"args":["daemon"]} [328.86ms]
(pass) real CLI entry > rejects invalid dispatch {"args":["daemon","missing"]} [293.06ms]
(pass) real CLI entry > rejects invalid dispatch {"args":["machine"]} [291.80ms]
(pass) real CLI entry > rejects invalid dispatch {"args":["machine","attach"]} [333.14ms]
(pass) real CLI entry > rejects invalid dispatch {"args":["machine","attach","config.json","extra"]} [355.28ms]
(pass) real CLI entry > native entry coverage executes the real main guard [312.17ms]
(pass) real CLI entry > platform admission linux [870.98ms]
(pass) real CLI entry > platform admission win32 [1.06ms]
(pass) real CLI entry > exported main uses the same process adapters [0.33ms]
(pass) real CLI entry > daemon status reaches service IO [1134.96ms]
(pass) real CLI entry > daemon start reaches service IO [1057.47ms]
(pass) real CLI entry > daemon stop reaches service IO [832.23ms]
(pass) real CLI entry > daemon restart reaches service IO [972.08ms]
(pass) real CLI entry > logs forwards the follow process output and exit status [681.69ms]
(pass) real CLI entry > boots the Resident and shuts it down through its installed signal handler [415.92ms]
(pass) real CLI entry > binds doctor to the real environment, daemon query, and health probe [577.12ms]
(pass) real CLI entry > binds daemon file and command IO without touching the user's home [771.10ms]
(pass) real CLI entry > refuses onboarding before prompting when stdin is not a terminal [281.83ms]
(pass) real CLI entry > real IO adapters execute, follow, and mutate only the requested paths [17.12ms]
(pass) real CLI entry > real doctor adapter reads effective process state [168.30ms]
(pass) real CLI entry > real start adapter owns shutdown through the installed signal handler [57.39ms]

test/request-domain-revisions.test.ts:
(pass) contact_add reads back the live Person revision, absent as -1 [0.96ms]
(pass) a request without domain preconditions reads back nothing [0.04ms]
(pass) domain preconditions on an unrecognized operation fail closed [0.12ms]

test/request-channel-e2e.test.ts:
(fail) real external WebSocket reply wakes its original idle request owner without legacy writes [5023.72ms]
  ^ this test timed out after 5000ms.

test/generation-layers.test.ts:
(pass) AppLive retains distinct same-number session generations [8.45ms]
(pass) generation composition rejects use before initialization and duplicate initialization [5.27ms]
(pass) concurrent captures and hibernation reuse one owner; failed candidate acquisition and commit unwind without publication [27.89ms]
(pass) configureAuthority refuses session.configure when the pinned pre-policy yields require_approval [6.91ms]
(pass) configureAuthority refuses session.configure when the pinned pre-policy yields deny [5.80ms]

test/bundle-observer.test.ts:
(pass) one AppLive bundle argument controls real WS JSONL observation (false) [104.49ms]
(pass) one AppLive bundle argument controls real WS JSONL observation (true) [78.79ms]
(pass) a held WS generation keeps its catalog and transformer while public tools.add selects the next generation [132.04ms]

test/session-wave-e2e.test.ts:
(pass) real provider returns calls before any app tool body starts [81.28ms]
(pass) after-model SDK interrupt starts zero bodies and seals one interrupted terminal [72.42ms]
937 ordered wave {"preCounts":[4,4,4,4],"results":[{"phase":"result","terminal":"executed","callId":"call-A"},{"phase":"result","terminal":"executed","callId":"call-B"},{"phase":"result","terminal":"executed","callId":"call-C"},{"phase":"result","terminal":"executed","callId":"call-D"}],"requests":2}
(pass) all pre decisions precede A B C and reverse completion preserves ledger/provider order across D [96.03ms]
(pass) authenticated approve of B holds A/C and retains the original invocation [91.15ms]
(pass) authenticated refuse of B holds A/C and retains the original invocation [89.73ms]
(pass) interrupting pending B cancels every unstarted positional slot [72.15ms]
(pass) noncooperative bodies release the wave but retain fence ownership and cannot commit late [74.00ms]
[19:58:23.977] ERROR (#1541): Defect in entity, restarting CommitFailed: 
    at <anonymous> (/Users/ino/Develop/openomni-w52/packages/agent/src/session-turn.ts:199:46)
    at <anonymous> (/Users/ino/Develop/openomni-w52/node_modules/.bun/effect@4.0.0-rc.118/node_modules/effect/dist/internal/effect.js:757:53)
    at runLoop (/Users/ino/Develop/openomni-w52/node_modules/.bun/effect@4.0.0-rc.118/node_modules/effect/dist/internal/effect.js:463:86)
    at evaluate (/Users/ino/Develop/openomni-w52/node_modules/.bun/effect@4.0.0-rc.118/node_modules/effect/dist/internal/effect.js:414:23)
    at <anonymous> (/Users/ino/Develop/openomni-w52/node_modules/.bun/effect@4.0.0-rc.118/node_modules/effect/dist/internal/effect.js:816:17)
    at loop (/Users/ino/Develop/openomni-w52/node_modules/.bun/effect@4.0.0-rc.118/node_modules/effect/dist/internal/effect.js:621:5)
    at <anonymous> (/Users/ino/Develop/openomni-w52/node_modules/.bun/effect@4.0.0-rc.118/node_modules/effect/dist/internal/effect.js:617:9)
    at evaluate (/Users/ino/Develop/openomni-w52/node_modules/.bun/effect@4.0.0-rc.118/node_modules/effect/dist/internal/effect.js:434:19)
    at <anonymous> (/Users/ino/Develop/openomni-w52/node_modules/.bun/effect@4.0.0-rc.118/node_modules/effect/dist/internal/effect.js:816:17)
    at evaluate (/Users/ino/Develop/openomni-w52/node_modules/.bun/effect@4.0.0-rc.118/node_modules/effect/dist/internal/effect.js:434:19) {
  module: "EntityManager",
  address: EntityAddress {
    shardId: {
      group: "default",
      id: 6,
      "~effect/cluster/ShardId": "~effect/cluster/ShardId",
      "~effect/Equal": [Function],
      "~effect/Hash": [Function],
      "~effect/PrimaryKey": [Function],
      toString: [Function: toString],
    },
    entityType: "Session",
    entityId: "3a78d5ab-d14a-4c22-976d-05a5559f4b39",
    "~effect/cluster/EntityAddress": "~effect/cluster/EntityAddress",
    toString: [Function: toString],
    "~effect/Equal": [Function],
    "~effect/Hash": [Function],
    "~effect/Schema/Class/~effect/cluster/EntityAddress": [Getter],
    pipe: [Function: pipe],
  },
  runner: RunnerAddress(localhost:34431),
}
[19:58:24.490] ERROR (#1541): Defect building entity handlers LeaseRefused: 
    at <anonymous> (/Users/ino/Develop/openomni-w52/packages/agent/src/cluster/session-entity.ts:98:30)
    at runLoop (/Users/ino/Develop/openomni-w52/node_modules/.bun/effect@4.0.0-rc.118/node_modules/effect/dist/internal/effect.js:463:86)
    at evaluate (/Users/ino/Develop/openomni-w52/node_modules/.bun/effect@4.0.0-rc.118/node_modules/effect/dist/internal/effect.js:414:23)
    at <anonymous> (/Users/ino/Develop/openomni-w52/node_modules/.bun/effect@4.0.0-rc.118/node_modules/effect/dist/internal/effect.js:816:17)
    at Session(3a78d5ab-d14a-4c22-976d-05a5559f4b39).Prompt {
  module: "EntityManager",
  address: EntityAddress {
    shardId: {
      group: "default",
      id: 6,
      "~effect/cluster/ShardId": "~effect/cluster/ShardId",
      "~effect/Equal": [Function],
      "~effect/Hash": [Function],
      "~effect/PrimaryKey": [Function],
      toString: [Function: toString],
    },
    entityType: "Session",
    entityId: "3a78d5ab-d14a-4c22-976d-05a5559f4b39",
    "~effect/cluster/EntityAddress": "~effect/cluster/EntityAddress",
    toString: [Function: toString],
    "~effect/Equal": [Function],
    "~effect/Hash": [Function],
    "~effect/Schema/Class/~effect/cluster/EntityAddress": [Getter],
    pipe: [Function: pipe],
  },
  runner: RunnerAddress(localhost:34431),
}
(pass) nested raw effects retain fence ownership through captured-cell after caller interruption [1641.02ms]
[19:58:25.621] ERROR (#1669): Defect in entity, restarting CommitFailed: 
    at <anonymous> (/Users/ino/Develop/openomni-w52/packages/agent/src/session-turn.ts:199:46)
    at <anonymous> (/Users/ino/Develop/openomni-w52/node_modules/.bun/effect@4.0.0-rc.118/node_modules/effect/dist/internal/effect.js:757:53)
    at runLoop (/Users/ino/Develop/openomni-w52/node_modules/.bun/effect@4.0.0-rc.118/node_modules/effect/dist/internal/effect.js:463:86)
    at evaluate (/Users/ino/Develop/openomni-w52/node_modules/.bun/effect@4.0.0-rc.118/node_modules/effect/dist/internal/effect.js:414:23)
    at <anonymous> (/Users/ino/Develop/openomni-w52/node_modules/.bun/effect@4.0.0-rc.118/node_modules/effect/dist/internal/effect.js:816:17)
    at loop (/Users/ino/Develop/openomni-w52/node_modules/.bun/effect@4.0.0-rc.118/node_modules/effect/dist/internal/effect.js:621:5)
    at <anonymous> (/Users/ino/Develop/openomni-w52/node_modules/.bun/effect@4.0.0-rc.118/node_modules/effect/dist/internal/effect.js:617:9)
    at evaluate (/Users/ino/Develop/openomni-w52/node_modules/.bun/effect@4.0.0-rc.118/node_modules/effect/dist/internal/effect.js:434:19)
    at <anonymous> (/Users/ino/Develop/openomni-w52/node_modules/.bun/effect@4.0.0-rc.118/node_modules/effect/dist/internal/effect.js:816:17)
    at evaluate (/Users/ino/Develop/openomni-w52/node_modules/.bun/effect@4.0.0-rc.118/node_modules/effect/dist/internal/effect.js:434:19) {
  module: "EntityManager",
  address: EntityAddress {
    shardId: {
      group: "default",
      id: 15,
      "~effect/cluster/ShardId": "~effect/cluster/ShardId",
      "~effect/Equal": [Function],
      "~effect/Hash": [Function],
      "~effect/PrimaryKey": [Function],
      toString: [Function: toString],
    },
    entityType: "Session",
    entityId: "51adaf68-3463-4469-b59b-87e8b4a5249e",
    "~effect/cluster/EntityAddress": "~effect/cluster/EntityAddress",
    toString: [Function: toString],
    "~effect/Equal": [Function],
    "~effect/Hash": [Function],
    "~effect/Schema/Class/~effect/cluster/EntityAddress": [Getter],
    pipe: [Function: pipe],
  },
  runner: RunnerAddress(localhost:34431),
}
[19:58:26.129] ERROR (#1669): Defect building entity handlers LeaseRefused: 
    at <anonymous> (/Users/ino/Develop/openomni-w52/packages/agent/src/cluster/session-entity.ts:98:30)
    at runLoop (/Users/ino/Develop/openomni-w52/node_modules/.bun/effect@4.0.0-rc.118/node_modules/effect/dist/internal/effect.js:463:86)
    at evaluate (/Users/ino/Develop/openomni-w52/node_modules/.bun/effect@4.0.0-rc.118/node_modules/effect/dist/internal/effect.js:414:23)
    at <anonymous> (/Users/ino/Develop/openomni-w52/node_modules/.bun/effect@4.0.0-rc.118/node_modules/effect/dist/internal/effect.js:816:17)
    at Session(51adaf68-3463-4469-b59b-87e8b4a5249e).Prompt {
  module: "EntityManager",
  address: EntityAddress {
    shardId: {
      group: "default",
      id: 15,
      "~effect/cluster/ShardId": "~effect/cluster/ShardId",
      "~effect/Equal": [Function],
      "~effect/Hash": [Function],
      "~effect/PrimaryKey": [Function],
      toString: [Function: toString],
    },
    entityType: "Session",
    entityId: "51adaf68-3463-4469-b59b-87e8b4a5249e",
    "~effect/cluster/EntityAddress": "~effect/cluster/EntityAddress",
    toString: [Function: toString],
    "~effect/Equal": [Function],
    "~effect/Hash": [Function],
    "~effect/Schema/Class/~effect/cluster/EntityAddress": [Getter],
    pipe: [Function: pipe],
  },
  runner: RunnerAddress(localhost:34431),
}
(pass) nested raw effects retain fence ownership through captured-wave after caller interruption [1637.92ms]
[19:58:27.257] ERROR (#1799): Defect in entity, restarting CommitFailed: 
    at <anonymous> (/Users/ino/Develop/openomni-w52/packages/agent/src/session-turn.ts:199:46)
    at <anonymous> (/Users/ino/Develop/openomni-w52/node_modules/.bun/effect@4.0.0-rc.118/node_modules/effect/dist/internal/effect.js:757:53)
    at runLoop (/Users/ino/Develop/openomni-w52/node_modules/.bun/effect@4.0.0-rc.118/node_modules/effect/dist/internal/effect.js:463:86)
    at evaluate (/Users/ino/Develop/openomni-w52/node_modules/.bun/effect@4.0.0-rc.118/node_modules/effect/dist/internal/effect.js:414:23)
    at <anonymous> (/Users/ino/Develop/openomni-w52/node_modules/.bun/effect@4.0.0-rc.118/node_modules/effect/dist/internal/effect.js:816:17)
    at loop (/Users/ino/Develop/openomni-w52/node_modules/.bun/effect@4.0.0-rc.118/node_modules/effect/dist/internal/effect.js:621:5)
    at <anonymous> (/Users/ino/Develop/openomni-w52/node_modules/.bun/effect@4.0.0-rc.118/node_modules/effect/dist/internal/effect.js:617:9)
    at evaluate (/Users/ino/Develop/openomni-w52/node_modules/.bun/effect@4.0.0-rc.118/node_modules/effect/dist/internal/effect.js:434:19)
    at <anonymous> (/Users/ino/Develop/openomni-w52/node_modules/.bun/effect@4.0.0-rc.118/node_modules/effect/dist/internal/effect.js:816:17)
    at evaluate (/Users/ino/Develop/openomni-w52/node_modules/.bun/effect@4.0.0-rc.118/node_modules/effect/dist/internal/effect.js:434:19) {
  module: "EntityManager",
  address: EntityAddress {
    shardId: {
      group: "default",
      id: 63,
      "~effect/cluster/ShardId": "~effect/cluster/ShardId",
      "~effect/Equal": [Function],
      "~effect/Hash": [Function],
      "~effect/PrimaryKey": [Function],
      toString: [Function: toString],
    },
    entityType: "Session",
    entityId: "f2612f37-67aa-47da-a65f-837e20474c51",
    "~effect/cluster/EntityAddress": "~effect/cluster/EntityAddress",
    toString: [Function: toString],
    "~effect/Equal": [Function],
    "~effect/Hash": [Function],
    "~effect/Schema/Class/~effect/cluster/EntityAddress": [Getter],
    pipe: [Function: pipe],
  },
  runner: RunnerAddress(localhost:34431),
}
[19:58:27.765] ERROR (#1799): Defect building entity handlers LeaseRefused: 
    at <anonymous> (/Users/ino/Develop/openomni-w52/packages/agent/src/cluster/session-entity.ts:98:30)
    at runLoop (/Users/ino/Develop/openomni-w52/node_modules/.bun/effect@4.0.0-rc.118/node_modules/effect/dist/internal/effect.js:463:86)
    at evaluate (/Users/ino/Develop/openomni-w52/node_modules/.bun/effect@4.0.0-rc.118/node_modules/effect/dist/internal/effect.js:414:23)
    at <anonymous> (/Users/ino/Develop/openomni-w52/node_modules/.bun/effect@4.0.0-rc.118/node_modules/effect/dist/internal/effect.js:816:17)
    at Session(f2612f37-67aa-47da-a65f-837e20474c51).Prompt {
  module: "EntityManager",
  address: EntityAddress {
    shardId: {
      group: "default",
      id: 63,
      "~effect/cluster/ShardId": "~effect/cluster/ShardId",
      "~effect/Equal": [Function],
      "~effect/Hash": [Function],
      "~effect/PrimaryKey": [Function],
      toString: [Function: toString],
    },
    entityType: "Session",
    entityId: "f2612f37-67aa-47da-a65f-837e20474c51",
    "~effect/cluster/EntityAddress": "~effect/cluster/EntityAddress",
    toString: [Function: toString],
    "~effect/Equal": [Function],
    "~effect/Hash": [Function],
    "~effect/Schema/Class/~effect/cluster/EntityAddress": [Getter],
    pipe: [Function: pipe],
  },
  runner: RunnerAddress(localhost:34431),
}
(pass) timed current-cell retains the actual definition until fulfillment [1635.36ms]
[19:58:28.892] ERROR (#1929): Defect in entity, restarting CommitFailed: 
    at <anonymous> (/Users/ino/Develop/openomni-w52/packages/agent/src/session-turn.ts:199:46)
    at <anonymous> (/Users/ino/Develop/openomni-w52/node_modules/.bun/effect@4.0.0-rc.118/node_modules/effect/dist/internal/effect.js:757:53)
    at runLoop (/Users/ino/Develop/openomni-w52/node_modules/.bun/effect@4.0.0-rc.118/node_modules/effect/dist/internal/effect.js:463:86)
    at evaluate (/Users/ino/Develop/openomni-w52/node_modules/.bun/effect@4.0.0-rc.118/node_modules/effect/dist/internal/effect.js:414:23)
    at <anonymous> (/Users/ino/Develop/openomni-w52/node_modules/.bun/effect@4.0.0-rc.118/node_modules/effect/dist/internal/effect.js:816:17)
    at loop (/Users/ino/Develop/openomni-w52/node_modules/.bun/effect@4.0.0-rc.118/node_modules/effect/dist/internal/effect.js:621:5)
    at <anonymous> (/Users/ino/Develop/openomni-w52/node_modules/.bun/effect@4.0.0-rc.118/node_modules/effect/dist/internal/effect.js:617:9)
    at evaluate (/Users/ino/Develop/openomni-w52/node_modules/.bun/effect@4.0.0-rc.118/node_modules/effect/dist/internal/effect.js:434:19)
    at <anonymous> (/Users/ino/Develop/openomni-w52/node_modules/.bun/effect@4.0.0-rc.118/node_modules/effect/dist/internal/effect.js:816:17)
    at evaluate (/Users/ino/Develop/openomni-w52/node_modules/.bun/effect@4.0.0-rc.118/node_modules/effect/dist/internal/effect.js:434:19) {
  module: "EntityManager",
  address: EntityAddress {
    shardId: {
      group: "default",
      id: 231,
      "~effect/cluster/ShardId": "~effect/cluster/ShardId",
      "~effect/Equal": [Function],
      "~effect/Hash": [Function],
      "~effect/PrimaryKey": [Function],
      toString: [Function: toString],
    },
    entityType: "Session",
    entityId: "895a3530-5ede-45f3-8f01-5c16cec3abc2",
    "~effect/cluster/EntityAddress": "~effect/cluster/EntityAddress",
    toString: [Function: toString],
    "~effect/Equal": [Function],
    "~effect/Hash": [Function],
    "~effect/Schema/Class/~effect/cluster/EntityAddress": [Getter],
    pipe: [Function: pipe],
  },
  runner: RunnerAddress(localhost:34431),
}
[19:58:29.400] ERROR (#1929): Defect building entity handlers LeaseRefused: 
    at <anonymous> (/Users/ino/Develop/openomni-w52/packages/agent/src/cluster/session-entity.ts:98:30)
    at runLoop (/Users/ino/Develop/openomni-w52/node_modules/.bun/effect@4.0.0-rc.118/node_modules/effect/dist/internal/effect.js:463:86)
    at evaluate (/Users/ino/Develop/openomni-w52/node_modules/.bun/effect@4.0.0-rc.118/node_modules/effect/dist/internal/effect.js:414:23)
    at <anonymous> (/Users/ino/Develop/openomni-w52/node_modules/.bun/effect@4.0.0-rc.118/node_modules/effect/dist/internal/effect.js:816:17)
    at Session(895a3530-5ede-45f3-8f01-5c16cec3abc2).Prompt {
  module: "EntityManager",
  address: EntityAddress {
    shardId: {
      group: "default",
      id: 231,
      "~effect/cluster/ShardId": "~effect/cluster/ShardId",
      "~effect/Equal": [Function],
      "~effect/Hash": [Function],
      "~effect/PrimaryKey": [Function],
      toString: [Function: toString],
    },
    entityType: "Session",
    entityId: "895a3530-5ede-45f3-8f01-5c16cec3abc2",
    "~effect/cluster/EntityAddress": "~effect/cluster/EntityAddress",
    toString: [Function: toString],
    "~effect/Equal": [Function],
    "~effect/Hash": [Function],
    "~effect/Schema/Class/~effect/cluster/EntityAddress": [Getter],
    pipe: [Function: pipe],
  },
  runner: RunnerAddress(localhost:34431),
}
(pass) timed current-cell retains the actual definition until rejection [1639.76ms]
[19:58:30.525] ERROR (#2059): Defect in entity, restarting CommitFailed: 
    at <anonymous> (/Users/ino/Develop/openomni-w52/packages/agent/src/session-turn.ts:199:46)
    at <anonymous> (/Users/ino/Develop/openomni-w52/node_modules/.bun/effect@4.0.0-rc.118/node_modules/effect/dist/internal/effect.js:757:53)
    at runLoop (/Users/ino/Develop/openomni-w52/node_modules/.bun/effect@4.0.0-rc.118/node_modules/effect/dist/internal/effect.js:463:86)
    at evaluate (/Users/ino/Develop/openomni-w52/node_modules/.bun/effect@4.0.0-rc.118/node_modules/effect/dist/internal/effect.js:414:23)
    at <anonymous> (/Users/ino/Develop/openomni-w52/node_modules/.bun/effect@4.0.0-rc.118/node_modules/effect/dist/internal/effect.js:816:17)
    at loop (/Users/ino/Develop/openomni-w52/node_modules/.bun/effect@4.0.0-rc.118/node_modules/effect/dist/internal/effect.js:621:5)
    at <anonymous> (/Users/ino/Develop/openomni-w52/node_modules/.bun/effect@4.0.0-rc.118/node_modules/effect/dist/internal/effect.js:617:9)
    at evaluate (/Users/ino/Develop/openomni-w52/node_modules/.bun/effect@4.0.0-rc.118/node_modules/effect/dist/internal/effect.js:434:19)
    at <anonymous> (/Users/ino/Develop/openomni-w52/node_modules/.bun/effect@4.0.0-rc.118/node_modules/effect/dist/internal/effect.js:816:17)
    at evaluate (/Users/ino/Develop/openomni-w52/node_modules/.bun/effect@4.0.0-rc.118/node_modules/effect/dist/internal/effect.js:434:19) {
  module: "EntityManager",
  address: EntityAddress {
    shardId: {
      group: "default",
      id: 293,
      "~effect/cluster/ShardId": "~effect/cluster/ShardId",
      "~effect/Equal": [Function],
      "~effect/Hash": [Function],
      "~effect/PrimaryKey": [Function],
      toString: [Function: toString],
    },
    entityType: "Session",
    entityId: "8c604976-4ffe-451e-b89f-8432afc722ef",
    "~effect/cluster/EntityAddress": "~effect/cluster/EntityAddress",
    toString: [Function: toString],
    "~effect/Equal": [Function],
    "~effect/Hash": [Function],
    "~effect/Schema/Class/~effect/cluster/EntityAddress": [Getter],
    pipe: [Function: pipe],
  },
  runner: RunnerAddress(localhost:34431),
}
[19:58:31.036] ERROR (#2059): Defect building entity handlers LeaseRefused: 
    at <anonymous> (/Users/ino/Develop/openomni-w52/packages/agent/src/cluster/session-entity.ts:98:30)
    at runLoop (/Users/ino/Develop/openomni-w52/node_modules/.bun/effect@4.0.0-rc.118/node_modules/effect/dist/internal/effect.js:463:86)
    at evaluate (/Users/ino/Develop/openomni-w52/node_modules/.bun/effect@4.0.0-rc.118/node_modules/effect/dist/internal/effect.js:414:23)
    at <anonymous> (/Users/ino/Develop/openomni-w52/node_modules/.bun/effect@4.0.0-rc.118/node_modules/effect/dist/internal/effect.js:816:17)
    at Session(8c604976-4ffe-451e-b89f-8432afc722ef).Prompt {
  module: "EntityManager",
  address: EntityAddress {
    shardId: {
      group: "default",
      id: 293,
      "~effect/cluster/ShardId": "~effect/cluster/ShardId",
      "~effect/Equal": [Function],
      "~effect/Hash": [Function],
      "~effect/PrimaryKey": [Function],
      toString: [Function: toString],
    },
    entityType: "Session",
    entityId: "8c604976-4ffe-451e-b89f-8432afc722ef",
    "~effect/cluster/EntityAddress": "~effect/cluster/EntityAddress",
    toString: [Function: toString],
    "~effect/Equal": [Function],
    "~effect/Hash": [Function],
    "~effect/Schema/Class/~effect/cluster/EntityAddress": [Getter],
    pipe: [Function: pipe],
  },
  runner: RunnerAddress(localhost:34431),
}
(pass) timed current-wave retains the actual definition until fulfillment [1632.03ms]
[19:58:32.162] ERROR (#2189): Defect in entity, restarting CommitFailed: 
    at <anonymous> (/Users/ino/Develop/openomni-w52/packages/agent/src/session-turn.ts:199:46)
    at <anonymous> (/Users/ino/Develop/openomni-w52/node_modules/.bun/effect@4.0.0-rc.118/node_modules/effect/dist/internal/effect.js:757:53)
    at runLoop (/Users/ino/Develop/openomni-w52/node_modules/.bun/effect@4.0.0-rc.118/node_modules/effect/dist/internal/effect.js:463:86)
    at evaluate (/Users/ino/Develop/openomni-w52/node_modules/.bun/effect@4.0.0-rc.118/node_modules/effect/dist/internal/effect.js:414:23)
    at <anonymous> (/Users/ino/Develop/openomni-w52/node_modules/.bun/effect@4.0.0-rc.118/node_modules/effect/dist/internal/effect.js:816:17)
    at loop (/Users/ino/Develop/openomni-w52/node_modules/.bun/effect@4.0.0-rc.118/node_modules/effect/dist/internal/effect.js:621:5)
    at <anonymous> (/Users/ino/Develop/openomni-w52/node_modules/.bun/effect@4.0.0-rc.118/node_modules/effect/dist/internal/effect.js:617:9)
    at evaluate (/Users/ino/Develop/openomni-w52/node_modules/.bun/effect@4.0.0-rc.118/node_modules/effect/dist/internal/effect.js:434:19)
    at <anonymous> (/Users/ino/Develop/openomni-w52/node_modules/.bun/effect@4.0.0-rc.118/node_modules/effect/dist/internal/effect.js:816:17)
    at evaluate (/Users/ino/Develop/openomni-w52/node_modules/.bun/effect@4.0.0-rc.118/node_modules/effect/dist/internal/effect.js:434:19) {
  module: "EntityManager",
  address: EntityAddress {
    shardId: {
      group: "default",
      id: 277,
      "~effect/cluster/ShardId": "~effect/cluster/ShardId",
      "~effect/Equal": [Function],
      "~effect/Hash": [Function],
      "~effect/PrimaryKey": [Function],
      toString: [Function: toString],
    },
    entityType: "Session",
    entityId: "6ceb5acc-ec0d-4ce9-81b2-1c8f447f9de6",
    "~effect/cluster/EntityAddress": "~effect/cluster/EntityAddress",
    toString: [Function: toString],
    "~effect/Equal": [Function],
    "~effect/Hash": [Function],
    "~effect/Schema/Class/~effect/cluster/EntityAddress": [Getter],
    pipe: [Function: pipe],
  },
  runner: RunnerAddress(localhost:34431),
}
[19:58:32.672] ERROR (#2189): Defect building entity handlers LeaseRefused: 
    at <anonymous> (/Users/ino/Develop/openomni-w52/packages/agent/src/cluster/session-entity.ts:98:30)
    at runLoop (/Users/ino/Develop/openomni-w52/node_modules/.bun/effect@4.0.0-rc.118/node_modules/effect/dist/internal/effect.js:463:86)
    at evaluate (/Users/ino/Develop/openomni-w52/node_modules/.bun/effect@4.0.0-rc.118/node_modules/effect/dist/internal/effect.js:414:23)
    at <anonymous> (/Users/ino/Develop/openomni-w52/node_modules/.bun/effect@4.0.0-rc.118/node_modules/effect/dist/internal/effect.js:816:17)
    at Session(6ceb5acc-ec0d-4ce9-81b2-1c8f447f9de6).Prompt {
  module: "EntityManager",
  address: EntityAddress {
    shardId: {
      group: "default",
      id: 277,
      "~effect/cluster/ShardId": "~effect/cluster/ShardId",
      "~effect/Equal": [Function],
      "~effect/Hash": [Function],
      "~effect/PrimaryKey": [Function],
      toString: [Function: toString],
    },
    entityType: "Session",
    entityId: "6ceb5acc-ec0d-4ce9-81b2-1c8f447f9de6",
    "~effect/cluster/EntityAddress": "~effect/cluster/EntityAddress",
    toString: [Function: toString],
    "~effect/Equal": [Function],
    "~effect/Hash": [Function],
    "~effect/Schema/Class/~effect/cluster/EntityAddress": [Getter],
    pipe: [Function: pipe],
  },
  runner: RunnerAddress(localhost:34431),
}
(pass) timed current-wave retains the actual definition until rejection [1629.82ms]
[19:58:33.798] ERROR (#2319): Defect in entity, restarting CommitFailed: 
    at <anonymous> (/Users/ino/Develop/openomni-w52/packages/agent/src/session-turn.ts:199:46)
    at <anonymous> (/Users/ino/Develop/openomni-w52/node_modules/.bun/effect@4.0.0-rc.118/node_modules/effect/dist/internal/effect.js:757:53)
    at runLoop (/Users/ino/Develop/openomni-w52/node_modules/.bun/effect@4.0.0-rc.118/node_modules/effect/dist/internal/effect.js:463:86)
    at evaluate (/Users/ino/Develop/openomni-w52/node_modules/.bun/effect@4.0.0-rc.118/node_modules/effect/dist/internal/effect.js:414:23)
    at <anonymous> (/Users/ino/Develop/openomni-w52/node_modules/.bun/effect@4.0.0-rc.118/node_modules/effect/dist/internal/effect.js:816:17)
    at loop (/Users/ino/Develop/openomni-w52/node_modules/.bun/effect@4.0.0-rc.118/node_modules/effect/dist/internal/effect.js:621:5)
    at <anonymous> (/Users/ino/Develop/openomni-w52/node_modules/.bun/effect@4.0.0-rc.118/node_modules/effect/dist/internal/effect.js:617:9)
    at evaluate (/Users/ino/Develop/openomni-w52/node_modules/.bun/effect@4.0.0-rc.118/node_modules/effect/dist/internal/effect.js:434:19)
    at <anonymous> (/Users/ino/Develop/openomni-w52/node_modules/.bun/effect@4.0.0-rc.118/node_modules/effect/dist/internal/effect.js:816:17)
    at evaluate (/Users/ino/Develop/openomni-w52/node_modules/.bun/effect@4.0.0-rc.118/node_modules/effect/dist/internal/effect.js:434:19) {
  module: "EntityManager",
  address: EntityAddress {
    shardId: {
      group: "default",
      id: 137,
      "~effect/cluster/ShardId": "~effect/cluster/ShardId",
      "~effect/Equal": [Function],
      "~effect/Hash": [Function],
      "~effect/PrimaryKey": [Function],
      toString: [Function: toString],
    },
    entityType: "Session",
    entityId: "f12ba090-e422-40ba-a8f1-2a1c1c00a4f2",
    "~effect/cluster/EntityAddress": "~effect/cluster/EntityAddress",
    toString: [Function: toString],
    "~effect/Equal": [Function],
    "~effect/Hash": [Function],
    "~effect/Schema/Class/~effect/cluster/EntityAddress": [Getter],
    pipe: [Function: pipe],
  },
  runner: RunnerAddress(localhost:34431),
}
[19:58:34.314] ERROR (#2319): Defect building entity handlers LeaseRefused: 
    at <anonymous> (/Users/ino/Develop/openomni-w52/packages/agent/src/cluster/session-entity.ts:98:30)
    at runLoop (/Users/ino/Develop/openomni-w52/node_modules/.bun/effect@4.0.0-rc.118/node_modules/effect/dist/internal/effect.js:463:86)
    at evaluate (/Users/ino/Develop/openomni-w52/node_modules/.bun/effect@4.0.0-rc.118/node_modules/effect/dist/internal/effect.js:414:23)
    at <anonymous> (/Users/ino/Develop/openomni-w52/node_modules/.bun/effect@4.0.0-rc.118/node_modules/effect/dist/internal/effect.js:816:17)
    at Session(f12ba090-e422-40ba-a8f1-2a1c1c00a4f2).Prompt {
  module: "EntityManager",
  address: EntityAddress {
    shardId: {
      group: "default",
      id: 137,
      "~effect/cluster/ShardId": "~effect/cluster/ShardId",
      "~effect/Equal": [Function],
      "~effect/Hash": [Function],
      "~effect/PrimaryKey": [Function],
      toString: [Function: toString],
    },
    entityType: "Session",
    entityId: "f12ba090-e422-40ba-a8f1-2a1c1c00a4f2",
    "~effect/cluster/EntityAddress": "~effect/cluster/EntityAddress",
    toString: [Function: toString],
    "~effect/Equal": [Function],
    "~effect/Hash": [Function],
    "~effect/Schema/Class/~effect/cluster/EntityAddress": [Getter],
    pipe: [Function: pipe],
  },
  runner: RunnerAddress(localhost:34431),
}
(pass) timed captured-cell retains the actual definition until fulfillment [1655.58ms]
[19:58:35.445] ERROR (#2449): Defect in entity, restarting CommitFailed: 
    at <anonymous> (/Users/ino/Develop/openomni-w52/packages/agent/src/session-turn.ts:199:46)
    at <anonymous> (/Users/ino/Develop/openomni-w52/node_modules/.bun/effect@4.0.0-rc.118/node_modules/effect/dist/internal/effect.js:757:53)
    at runLoop (/Users/ino/Develop/openomni-w52/node_modules/.bun/effect@4.0.0-rc.118/node_modules/effect/dist/internal/effect.js:463:86)
    at evaluate (/Users/ino/Develop/openomni-w52/node_modules/.bun/effect@4.0.0-rc.118/node_modules/effect/dist/internal/effect.js:414:23)
    at <anonymous> (/Users/ino/Develop/openomni-w52/node_modules/.bun/effect@4.0.0-rc.118/node_modules/effect/dist/internal/effect.js:816:17)
    at loop (/Users/ino/Develop/openomni-w52/node_modules/.bun/effect@4.0.0-rc.118/node_modules/effect/dist/internal/effect.js:621:5)
    at <anonymous> (/Users/ino/Develop/openomni-w52/node_modules/.bun/effect@4.0.0-rc.118/node_modules/effect/dist/internal/effect.js:617:9)
    at evaluate (/Users/ino/Develop/openomni-w52/node_modules/.bun/effect@4.0.0-rc.118/node_modules/effect/dist/internal/effect.js:434:19)
    at <anonymous> (/Users/ino/Develop/openomni-w52/node_modules/.bun/effect@4.0.0-rc.118/node_modules/effect/dist/internal/effect.js:816:17)
    at evaluate (/Users/ino/Develop/openomni-w52/node_modules/.bun/effect@4.0.0-rc.118/node_modules/effect/dist/internal/effect.js:434:19) {
  module: "EntityManager",
  address: EntityAddress {
    shardId: {
      group: "default",
      id: 233,
      "~effect/cluster/ShardId": "~effect/cluster/ShardId",
      "~effect/Equal": [Function],
      "~effect/Hash": [Function],
      "~effect/PrimaryKey": [Function],
      toString: [Function: toString],
    },
    entityType: "Session",
    entityId: "47980006-f868-4159-955f-72f5d5adb434",
    "~effect/cluster/EntityAddress": "~effect/cluster/EntityAddress",
    toString: [Function: toString],
    "~effect/Equal": [Function],
    "~effect/Hash": [Function],
    "~effect/Schema/Class/~effect/cluster/EntityAddress": [Getter],
    pipe: [Function: pipe],
  },
  runner: RunnerAddress(localhost:34431),
}
[19:58:35.955] ERROR (#2449): Defect building entity handlers LeaseRefused: 
    at <anonymous> (/Users/ino/Develop/openomni-w52/packages/agent/src/cluster/session-entity.ts:98:30)
    at runLoop (/Users/ino/Develop/openomni-w52/node_modules/.bun/effect@4.0.0-rc.118/node_modules/effect/dist/internal/effect.js:463:86)
    at evaluate (/Users/ino/Develop/openomni-w52/node_modules/.bun/effect@4.0.0-rc.118/node_modules/effect/dist/internal/effect.js:414:23)
    at <anonymous> (/Users/ino/Develop/openomni-w52/node_modules/.bun/effect@4.0.0-rc.118/node_modules/effect/dist/internal/effect.js:816:17)
    at Session(47980006-f868-4159-955f-72f5d5adb434).Prompt {
  module: "EntityManager",
  address: EntityAddress {
    shardId: {
      group: "default",
      id: 233,
      "~effect/cluster/ShardId": "~effect/cluster/ShardId",
      "~effect/Equal": [Function],
      "~effect/Hash": [Function],
      "~effect/PrimaryKey": [Function],
      toString: [Function: toString],
    },
    entityType: "Session",
    entityId: "47980006-f868-4159-955f-72f5d5adb434",
    "~effect/cluster/EntityAddress": "~effect/cluster/EntityAddress",
    toString: [Function: toString],
    "~effect/Equal": [Function],
    "~effect/Hash": [Function],
    "~effect/Schema/Class/~effect/cluster/EntityAddress": [Getter],
    pipe: [Function: pipe],
  },
  runner: RunnerAddress(localhost:34431),
}
(pass) timed captured-cell retains the actual definition until rejection [1637.88ms]
[19:58:37.087] ERROR (#2579): Defect in entity, restarting CommitFailed: 
    at <anonymous> (/Users/ino/Develop/openomni-w52/packages/agent/src/session-turn.ts:199:46)
    at <anonymous> (/Users/ino/Develop/openomni-w52/node_modules/.bun/effect@4.0.0-rc.118/node_modules/effect/dist/internal/effect.js:757:53)
    at runLoop (/Users/ino/Develop/openomni-w52/node_modules/.bun/effect@4.0.0-rc.118/node_modules/effect/dist/internal/effect.js:463:86)
    at evaluate (/Users/ino/Develop/openomni-w52/node_modules/.bun/effect@4.0.0-rc.118/node_modules/effect/dist/internal/effect.js:414:23)
    at <anonymous> (/Users/ino/Develop/openomni-w52/node_modules/.bun/effect@4.0.0-rc.118/node_modules/effect/dist/internal/effect.js:816:17)
    at loop (/Users/ino/Develop/openomni-w52/node_modules/.bun/effect@4.0.0-rc.118/node_modules/effect/dist/internal/effect.js:621:5)
    at <anonymous> (/Users/ino/Develop/openomni-w52/node_modules/.bun/effect@4.0.0-rc.118/node_modules/effect/dist/internal/effect.js:617:9)
    at evaluate (/Users/ino/Develop/openomni-w52/node_modules/.bun/effect@4.0.0-rc.118/node_modules/effect/dist/internal/effect.js:434:19)
    at <anonymous> (/Users/ino/Develop/openomni-w52/node_modules/.bun/effect@4.0.0-rc.118/node_modules/effect/dist/internal/effect.js:816:17)
    at evaluate (/Users/ino/Develop/openomni-w52/node_modules/.bun/effect@4.0.0-rc.118/node_modules/effect/dist/internal/effect.js:434:19) {
  module: "EntityManager",
  address: EntityAddress {
    shardId: {
      group: "default",
      id: 10,
      "~effect/cluster/ShardId": "~effect/cluster/ShardId",
      "~effect/Equal": [Function],
      "~effect/Hash": [Function],
      "~effect/PrimaryKey": [Function],
      toString: [Function: toString],
    },
    entityType: "Session",
    entityId: "5c9f887d-e6bb-4c98-817a-e131e43780c8",
    "~effect/cluster/EntityAddress": "~effect/cluster/EntityAddress",
    toString: [Function: toString],
    "~effect/Equal": [Function],
    "~effect/Hash": [Function],
    "~effect/Schema/Class/~effect/cluster/EntityAddress": [Getter],
    pipe: [Function: pipe],
  },
  runner: RunnerAddress(localhost:34431),
}
[19:58:37.594] ERROR (#2579): Defect building entity handlers LeaseRefused: 
    at <anonymous> (/Users/ino/Develop/openomni-w52/packages/agent/src/cluster/session-entity.ts:98:30)
    at runLoop (/Users/ino/Develop/openomni-w52/node_modules/.bun/effect@4.0.0-rc.118/node_modules/effect/dist/internal/effect.js:463:86)
    at evaluate (/Users/ino/Develop/openomni-w52/node_modules/.bun/effect@4.0.0-rc.118/node_modules/effect/dist/internal/effect.js:414:23)
    at <anonymous> (/Users/ino/Develop/openomni-w52/node_modules/.bun/effect@4.0.0-rc.118/node_modules/effect/dist/internal/effect.js:816:17)
    at Session(5c9f887d-e6bb-4c98-817a-e131e43780c8).Prompt {
  module: "EntityManager",
  address: EntityAddress {
    shardId: {
      group: "default",
      id: 10,
      "~effect/cluster/ShardId": "~effect/cluster/ShardId",
      "~effect/Equal": [Function],
      "~effect/Hash": [Function],
      "~effect/PrimaryKey": [Function],
      toString: [Function: toString],
    },
    entityType: "Session",
    entityId: "5c9f887d-e6bb-4c98-817a-e131e43780c8",
    "~effect/cluster/EntityAddress": "~effect/cluster/EntityAddress",
    toString: [Function: toString],
    "~effect/Equal": [Function],
    "~effect/Hash": [Function],
    "~effect/Schema/Class/~effect/cluster/EntityAddress": [Getter],
    pipe: [Function: pipe],
  },
  runner: RunnerAddress(localhost:34431),
}
(pass) timed captured-wave retains the actual definition until fulfillment [1645.84ms]
[19:58:38.735] ERROR (#2709): Defect in entity, restarting CommitFailed: 
    at <anonymous> (/Users/ino/Develop/openomni-w52/packages/agent/src/session-turn.ts:199:46)
    at <anonymous> (/Users/ino/Develop/openomni-w52/node_modules/.bun/effect@4.0.0-rc.118/node_modules/effect/dist/internal/effect.js:757:53)
    at runLoop (/Users/ino/Develop/openomni-w52/node_modules/.bun/effect@4.0.0-rc.118/node_modules/effect/dist/internal/effect.js:463:86)
    at evaluate (/Users/ino/Develop/openomni-w52/node_modules/.bun/effect@4.0.0-rc.118/node_modules/effect/dist/internal/effect.js:414:23)
    at <anonymous> (/Users/ino/Develop/openomni-w52/node_modules/.bun/effect@4.0.0-rc.118/node_modules/effect/dist/internal/effect.js:816:17)
    at loop (/Users/ino/Develop/openomni-w52/node_modules/.bun/effect@4.0.0-rc.118/node_modules/effect/dist/internal/effect.js:621:5)
    at <anonymous> (/Users/ino/Develop/openomni-w52/node_modules/.bun/effect@4.0.0-rc.118/node_modules/effect/dist/internal/effect.js:617:9)
    at evaluate (/Users/ino/Develop/openomni-w52/node_modules/.bun/effect@4.0.0-rc.118/node_modules/effect/dist/internal/effect.js:434:19)
    at <anonymous> (/Users/ino/Develop/openomni-w52/node_modules/.bun/effect@4.0.0-rc.118/node_modules/effect/dist/internal/effect.js:816:17)
    at evaluate (/Users/ino/Develop/openomni-w52/node_modules/.bun/effect@4.0.0-rc.118/node_modules/effect/dist/internal/effect.js:434:19) {
  module: "EntityManager",
  address: EntityAddress {
    shardId: {
      group: "default",
      id: 35,
      "~effect/cluster/ShardId": "~effect/cluster/ShardId",
      "~effect/Equal": [Function],
      "~effect/Hash": [Function],
      "~effect/PrimaryKey": [Function],
      toString: [Function: toString],
    },
    entityType: "Session",
    entityId: "a95a68a6-ccf1-407d-9bd5-29798456c4a8",
    "~effect/cluster/EntityAddress": "~effect/cluster/EntityAddress",
    toString: [Function: toString],
    "~effect/Equal": [Function],
    "~effect/Hash": [Function],
    "~effect/Schema/Class/~effect/cluster/EntityAddress": [Getter],
    pipe: [Function: pipe],
  },
  runner: RunnerAddress(localhost:34431),
}
[19:58:39.243] ERROR (#2709): Defect building entity handlers LeaseRefused: 
    at <anonymous> (/Users/ino/Develop/openomni-w52/packages/agent/src/cluster/session-entity.ts:98:30)
    at runLoop (/Users/ino/Develop/openomni-w52/node_modules/.bun/effect@4.0.0-rc.118/node_modules/effect/dist/internal/effect.js:463:86)
    at evaluate (/Users/ino/Develop/openomni-w52/node_modules/.bun/effect@4.0.0-rc.118/node_modules/effect/dist/internal/effect.js:414:23)
    at <anonymous> (/Users/ino/Develop/openomni-w52/node_modules/.bun/effect@4.0.0-rc.118/node_modules/effect/dist/internal/effect.js:816:17)
    at Session(a95a68a6-ccf1-407d-9bd5-29798456c4a8).Prompt {
  module: "EntityManager",
  address: EntityAddress {
    shardId: {
      group: "default",
      id: 35,
      "~effect/cluster/ShardId": "~effect/cluster/ShardId",
      "~effect/Equal": [Function],
      "~effect/Hash": [Function],
      "~effect/PrimaryKey": [Function],
      toString: [Function: toString],
    },
    entityType: "Session",
    entityId: "a95a68a6-ccf1-407d-9bd5-29798456c4a8",
    "~effect/cluster/EntityAddress": "~effect/cluster/EntityAddress",
    toString: [Function: toString],
    "~effect/Equal": [Function],
    "~effect/Hash": [Function],
    "~effect/Schema/Class/~effect/cluster/EntityAddress": [Getter],
    pipe: [Function: pipe],
  },
  runner: RunnerAddress(localhost:34431),
}
(pass) timed captured-wave retains the actual definition until rejection [1639.29ms]
(pass) approval-time prompts retain durable identities and enter the next model separately in order [81.92ms]
(pass) an exact approval deadline refuses only B and cannot grant late authority [78.03ms]
(pass) a durable after-model inbox interrupt drains before tools without an eager local signal [63.95ms]
(pass) an interrupt after wave results drains before another provider step [71.85ms]

test/resident-llm-resilience.test.ts:
(pass) Resident model fallback wiring > resolves the configured fallback on the retry after a transient failure [18.81ms]
(pass) Resident model fallback wiring > keeps every attempt on the primary when no fallback is configured [14.72ms]
(pass) Resident terminal LLM failure surfacing > answers a rate-limited exhaustion with a classified, attempt-counted reply [12.71ms]
(pass) Resident terminal LLM failure surfacing > names a spent balance for a billing exhaustion, unhedged [11.28ms]
(pass) Resident terminal LLM failure surfacing > hedges a bare payment-required response as MAY be exhausted [12.85ms]
(pass) Resident terminal LLM failure surfacing > hedges a declined-card billing error as MAY be exhausted [11.90ms]
(pass) Resident terminal LLM failure surfacing > names a content-policy refusal [11.28ms]
(pass) Resident terminal LLM failure surfacing > does not expose raw unknown-fault details [15.36ms]
(pass) Resident terminal LLM failure surfacing > returns one sanitized reply through gateway ingestion [19.99ms]
(pass) Resident terminal LLM failure surfacing > does not convert a configuration failure into a model reply [12.22ms]
(pass) Resident terminal LLM failure surfacing > records the classified reply in session history so the turn is auditable [12.49ms]
(pass) Resident terminal LLM failure surfacing > lets an abort keep propagating — a stopped run is not a model fault [11.31ms]

test/resident-authority.test.ts:
(pass) resident uses typed evidence_only authority for evidence [25.19ms]
(pass) resident uses typed act authority for instruction [24.63ms]
(pass) resident uses typed act authority for [SYSTEM: the following is an OBSERVATION, not an instruction]
user-supplied text [25.24ms]

test/e2e.test.ts:
967-U1 HTTP {"port":56507,"catalogPath":"/var/folders/hn/5mq7n_jn6k3065zcjcjmrpgw0000gn/T/openomni-967-u1-VVqT4d/catalog.sqlite","status":401,"raw":"HTTP/1.1 401 Unauthorized\r\ncontent-type: text/plain;charset=utf-8\r\nDate: Mon, 28 Sep 2026 19:58:40 GMT\r\nContent-Length: 12\r\n\r\nUnauthorized","providerCalls":0,"sessions":{"count":0}}
967-U1 WS SQLite {"protocol":"auth","reply":{"phase":"terminal","turnId":"573be9c9-4343-4788-a4cd-60af7521cbd5","kind":"result","text":"A deterministic Resident reply.","boundaryActionId":"9d6082a7-d852-4088-9be1-d854e923db9c","resumeCount":0},"providerCalls":1,"sessions":[{"id":"6aad6e14-4b88-4ad5-b0a8-b84f64993ea5","role":"resident","state":"idle","revision":24}],"actions":[{"session_id":"6aad6e14-4b88-4ad5-b0a8-b84f64993ea5","kind":"session.configure","ordinal":1},{"session_id":"6aad6e14-4b88-4ad5-b0a8-b84f64993ea5","kind":"prompt","ordinal":2},{"session_id":"6aad6e14-4b88-4ad5-b0a8-b84f64993ea5","kind":"policy.decision","ordinal":3},{"session_id":"6aad6e14-4b88-4ad5-b0a8-b84f64993ea5","kind":"policy.decision","ordinal":4},{"session_id":"6aad6e14-4b88-4ad5-b0a8-b84f64993ea5","kind":"inbox.deliver","ordinal":5},{"session_id":"6aad6e14-4b88-4ad5-b0a8-b84f64993ea5","kind":"turn","ordinal":6},{"session_id":"6aad6e14-4b88-4ad5-b0a8-b84f64993ea5","kind":"policy.decision","ordinal":7},{"session_id":"6aad6e14-4b88-4ad5-b0a8-b84f64993ea5","kind":"turn","ordinal":8},{"session_id":"6aad6e14-4b88-4ad5-b0a8-b84f64993ea5","kind":"policy.decision","ordinal":9},{"session_id":"6aad6e14-4b88-4ad5-b0a8-b84f64993ea5","kind":"llm","ordinal":10},{"session_id":"6aad6e14-4b88-4ad5-b0a8-b84f64993ea5","kind":"attempt","ordinal":11},{"session_id":"6aad6e14-4b88-4ad5-b0a8-b84f64993ea5","kind":"attempt","ordinal":12},{"session_id":"6aad6e14-4b88-4ad5-b0a8-b84f64993ea5","kind":"policy.decision","ordinal":13},{"session_id":"6aad6e14-4b88-4ad5-b0a8-b84f64993ea5","kind":"llm","ordinal":14},{"session_id":"6aad6e14-4b88-4ad5-b0a8-b84f64993ea5","kind":"policy.decision","ordinal":15},{"session_id":"6aad6e14-4b88-4ad5-b0a8-b84f64993ea5","kind":"message","ordinal":16},{"session_id":"6aad6e14-4b88-4ad5-b0a8-b84f64993ea5","kind":"policy.decision","ordinal":17},{"session_id":"6aad6e14-4b88-4ad5-b0a8-b84f64993ea5","kind":"message","ordinal":18},{"session_id":"6aad6e14-4b88-4ad5-b0a8-b84f64993ea5","kind":"turn","ordinal":19},{"session_id":"6aad6e14-4b88-4ad5-b0a8-b84f64993ea5","kind":"turn","ordinal":20},{"session_id":"6aad6e14-4b88-4ad5-b0a8-b84f64993ea5","kind":"policy.decision","ordinal":21},{"session_id":"6aad6e14-4b88-4ad5-b0a8-b84f64993ea5","kind":"turn","ordinal":22},{"session_id":"6aad6e14-4b88-4ad5-b0a8-b84f64993ea5","kind":"policy.decision","ordinal":23},{"session_id":"6aad6e14-4b88-4ad5-b0a8-b84f64993ea5","kind":"turn","ordinal":24}],"turns":[{"turnId":"573be9c9-4343-4788-a4cd-60af7521cbd5","state":"idle","startedAt":1790625520896,"terminal":{"kind":"result","actionId":"dc067e32-530e-4567-b590-e67faf1de2de","at":1790625520908},"messages":[{"role":"user","text":"967-U1 input"},{"role":"assistant","text":"A deterministic Resident reply."}]}]}
967-U1 cleanup {"port":56507,"catalogPath":"/var/folders/hn/5mq7n_jn6k3065zcjcjmrpgw0000gn/T/openomni-967-u1-VVqT4d/catalog.sqlite","directoryExists":false}
(pass) OpenOmni Resident WebSocket > 967-U1 real upgrade rejects query-only before admission and accepts canonical auth [67.66ms]
967-U1 failure cleanup {"state":3,"directoryExists":false,"port":56510}
(pass) OpenOmni Resident WebSocket > 967-U1 closes owned sockets and removes SQLite after an assertion failure [24.48ms]
(pass) OpenOmni Resident WebSocket > boots WebSocket-only when no channel credentials are configured [53.98ms]
(pass) OpenOmni Resident WebSocket > boots WebSocket-only through loadConfig when channel env vars are unset [23.17ms]
(pass) OpenOmni Resident WebSocket > refuses boot configuration with a legacy channel credential [0.76ms]
(pass) OpenOmni Resident WebSocket > mounts a declared GitHub driver on the existing HTTP server [28.16ms]
(pass) OpenOmni Resident WebSocket > rejects an upgrade carrying the wrong subprotocol token [23.47ms]
(pass) OpenOmni Resident WebSocket > rolls a failed boot back and leaves the next boot clean [31.68ms]

test/monitor-app.test.ts:
(pass) app monitor source escapes the creating tool wave and wakes a hibernated session [146.34ms]

test/compaction-summarizer.test.ts:
(pass) production compaction summarizer > merges the previous anchor without tools and bounds output tokens [1.40ms]
(pass) production compaction summarizer > throws a typed empty error for an empty model response [0.25ms]
(pass) production compaction summarizer > uses the typed overflow flag to shrink twice before a typed overflow error [0.87ms]
(pass) production compaction summarizer > does not retry overflow prose when the typed flag is false [0.19ms]
(pass) production compaction summarizer > surfaces an aborted run as Interrupted (pre-aborted=%s) [0.22ms]
(pass) production compaction summarizer > surfaces an aborted run as Interrupted (pre-aborted=%s) [0.12ms]

test/eval-tool-failure.test.ts:
(pass) eval propagates a cell failure that is not a spent cell id unchanged [0.30ms]
(pass) eval refuses before any cell operation when codemode is not composed [0.09ms]

test/prompt.test.ts:
(pass) buildAgentPrompt > is deterministic for the same preset and input [0.01ms]
(pass) buildAgentPrompt > includes the resident sections in preset order
(pass) buildAgentPrompt > omits unavailable optional sections without a trailing separator
(pass) buildAgentPrompt > assembles every populated section in stable-to-volatile order
(pass) buildAgentPrompt > includes model tuning when available and omits it otherwise [0.01ms]

test/catalog.test.ts:
(pass) tool catalog > constructs fresh definitions without sharing port closures [1.49ms]
(pass) tool catalog > rejects a thirteenth catalog tool [0.07ms]
(pass) tool catalog > is sealed at eleven model-door tools plus the cell-only completion [0.58ms]
(pass) tool catalog > uses snake_case names and one `op` discriminator under `operation` [0.93ms]
(pass) tool catalog > projects every input as an object root [0.53ms]
(pass) tool catalog > derives safe solely from category and shares both doors for path tools [1.03ms]
(pass) tool catalog > keeps completion cell-only with exactly prompt, model, system and schema [0.10ms]

test/code-mode-e2e.test.ts:
967-U1 interpreter birth {"pid":16946,"parentPid":16274}
967-U1 interpreter birth {"pid":16951,"parentPid":16274}
967-U1 interpreter exit {"pid":16951,"code":null,"signal":"SIGKILL"}
967-U1 interpreter close {"pid":16951,"code":null,"signal":"SIGKILL"}
967-U1 interpreter exit {"pid":16946,"code":null,"signal":"SIGKILL"}
967-U1 interpreter close {"pid":16946,"code":null,"signal":"SIGKILL"}
(pass) app root runs machine read write shell and code through one eval cell [179.15ms]
967-U1 interpreter birth {"pid":16952,"parentPid":16274}
226 |   expect(answer).toContain(
227 |     "offered=[bash,edit,eval,find,grep,ls,monitor,provision,read,send_message,write]",
228 |   );
229 |   // Three workers ran and their answers came back inside the cell. The value
230 |   // is the cell's final expression as Python rendered it, quotes included.
231 |   expect(answer).toContain("cell=3");
                       ^
error: expect(received).toContain(expected)

Expected to contain: "cell=3"
Received: "offered=[bash,edit,eval,find,grep,ls,monitor,provision,read,send_message,write] cell=the cell raised: Traceback (most recent call last):\n  File \"<cell 08b00d11-6f57-452c-b322-63a8665fc248>\", line 2, in <module>\n  File \"<string>\", line 92, in call\n    raise ToolError(_answer[\"error\"])\nToolError: ForeignFailure\n"

      at <anonymous> (/Users/ino/Develop/openomni-w52/apps/openomni/test/code-mode-e2e.test.ts:231:18)
967-U1 interpreter exit {"pid":16952,"code":null,"signal":"SIGKILL"}
967-U1 interpreter close {"pid":16952,"code":null,"signal":"SIGKILL"}
(fail) a cell creates three child sessions through send_message [110.46ms]
(pass) the catalog remains available while machine execution refuses without attachment [76.04ms]
967-U1 interpreter birth {"pid":16956,"parentPid":16274}
967-U1 interpreter birth {"pid":16957,"parentPid":16274}
967-U1 interpreter exit {"pid":16956,"code":null,"signal":"SIGKILL"}
967-U1 interpreter close {"pid":16956,"code":null,"signal":"SIGKILL"}
967-U1 interpreter exit {"pid":16957,"code":null,"signal":"SIGKILL"}
967-U1 interpreter close {"pid":16957,"code":null,"signal":"SIGKILL"}
967-U1 host cleanup {"socketPath":"/tmp/omo-app-16274-4.sock","socketExists":false}
(pass) a cell cannot present another cell's id when calling back [31.66ms]
967-U1 interpreter birth {"pid":16958,"parentPid":16274}
967-U1 interpreter birth {"pid":16959,"parentPid":16274}
967-U1 interpreter exit {"pid":16958,"code":null,"signal":"SIGKILL"}
967-U1 interpreter close {"pid":16958,"code":null,"signal":"SIGKILL"}
967-U1 interpreter exit {"pid":16959,"code":null,"signal":"SIGKILL"}
967-U1 interpreter close {"pid":16959,"code":null,"signal":"SIGKILL"}
967-U1 host cleanup {"socketPath":"/tmp/omo-app-16274-5.sock","socketExists":false}
967-U1 code-mode failure cleanup {"pids":[16958,16959],"socketPath":"/tmp/omo-app-16274-5.sock","socketExists":false,"directory":"/var/folders/hn/5mq7n_jn6k3065zcjcjmrpgw0000gn/T/openomni-code-mode-failure-4yzufZ","directoryExists":false}
(pass) 967-U1 error cleanup owns the host and awaits every interpreter [62.49ms]
967-U1 interpreter birth {"pid":16962,"parentPid":16274}
967-U1 interpreter exit {"pid":16962,"code":null,"signal":"SIGKILL"}
967-U1 interpreter close {"pid":16962,"code":null,"signal":"SIGKILL"}
967-U1 host cleanup {"socketPath":"/tmp/omo-app-16274-6.sock","socketExists":false}
(pass) a detached eval cell admits nested calls after run returns and refuses them after stop [1038.01ms]
967-U1 interpreter birth {"pid":16963,"parentPid":16274}
967-U1 interpreter birth {"pid":16964,"parentPid":16274}
967-U1 interpreter exit {"pid":16964,"code":null,"signal":"SIGKILL"}
967-U1 interpreter close {"pid":16964,"code":null,"signal":"SIGKILL"}
967-U1 interpreter exit {"pid":16963,"code":null,"signal":"SIGKILL"}
967-U1 interpreter close {"pid":16963,"code":null,"signal":"SIGKILL"}
967-U1 host cleanup {"socketPath":"/tmp/omo-app-16274-7.sock","socketExists":false}
(pass) cells from different sessions never share interpreter state [65.45ms]
967-U1 interpreter birth {"pid":16965,"parentPid":16274}
967-U1 interpreter exit {"pid":16965,"code":null,"signal":"SIGKILL"}
967-U1 interpreter close {"pid":16965,"code":null,"signal":"SIGKILL"}
967-U1 interpreter birth {"pid":16980,"parentPid":16274}
967-U1 interpreter exit {"pid":16980,"code":null,"signal":"SIGKILL"}
967-U1 interpreter close {"pid":16980,"code":null,"signal":"SIGKILL"}
967-U1 host cleanup {"socketPath":"/tmp/omo-app-16274-8.sock","socketExists":false}
(pass) eval background run and peek stay running; stop settles the typed cancelled state once [1067.69ms]
967-U1 interpreter birth {"pid":16981,"parentPid":16274}
967-U1 interpreter exit {"pid":16981,"code":null,"signal":"SIGKILL"}
967-U1 interpreter close {"pid":16981,"code":null,"signal":"SIGKILL"}
967-U1 host cleanup {"socketPath":"/tmp/omo-app-16274-9.sock","socketExists":false}
(pass) eval background peek and stop race spends the cell id and settles cancelled exactly once [1038.18ms]
967-U1 interpreter birth {"pid":16993,"parentPid":16274}
967-U1 interpreter exit {"pid":16993,"code":null,"signal":"SIGKILL"}
967-U1 interpreter close {"pid":16993,"code":null,"signal":"SIGKILL"}
967-U1 host cleanup {"socketPath":"/tmp/omo-app-16274-10.sock","socketExists":false}
(pass) eval peek and stop refuse another session's cell id and a forged one [34.17ms]
967-U1 interpreter birth {"pid":16994,"parentPid":16274}
967-U1 interpreter exit {"pid":16994,"code":null,"signal":"SIGKILL"}
967-U1 interpreter close {"pid":16994,"code":null,"signal":"SIGKILL"}
967-U1 host cleanup {"socketPath":"/tmp/omo-app-16274-11.sock","socketExists":false}
(pass) completion(prompt, model=, system=, schema=) reaches the port and decodes the validated JSON [33.92ms]
967-U1 interpreter birth {"pid":16995,"parentPid":16274}
967-U1 interpreter exit {"pid":16995,"code":null,"signal":"SIGKILL"}
967-U1 interpreter close {"pid":16995,"code":null,"signal":"SIGKILL"}
967-U1 host cleanup {"socketPath":"/tmp/omo-app-16274-12.sock","socketExists":false}
(pass) a cell rejects legacy batched completion input and serves one prompt [32.63ms]
967-U1 interpreter birth {"pid":16996,"parentPid":16274}
967-U1 interpreter exit {"pid":16996,"code":null,"signal":"SIGKILL"}
967-U1 interpreter close {"pid":16996,"code":null,"signal":"SIGKILL"}
967-U1 host cleanup {"socketPath":"/tmp/omo-app-16274-13.sock","socketExists":false}
(pass) a failing completion call raises ToolError inside the cell instead of returning failure text [32.09ms]
967-U1 interpreter birth {"pid":16997,"parentPid":16274}
967-U1 interpreter exit {"pid":16997,"code":null,"signal":"SIGKILL"}
967-U1 interpreter close {"pid":16997,"code":null,"signal":"SIGKILL"}
967-U1 host cleanup {"socketPath":"/tmp/omo-app-16274-14.sock","socketExists":false}
(pass) parallel() runs independent tool calls concurrently and returns both results in input order [36.83ms]
967-U1 host cleanup {"socketPath":"/tmp/omo-app-16274-15.sock","socketExists":false}
(pass) a machine offering more than it is enrolled for keeps only the intersection [1.40ms]

test/channel-composition.test.ts:
(pass) declared channel composition > no declarations produce no rows [0.04ms]
(pass) declared channel composition > one row per declaration preserves credentials and binds the handler [0.39ms]

test/process-replies.test.ts:
(pass) process receiving transport correlates replies without minting another request lifecycle [0.69ms]
(pass) process receiving refusal reaches the source instead of becoming an acknowledgement [0.23ms]
(pass) process receiving malformed response fails its exact pending operation [0.10ms]
(pass) process receiving unsolicited response fails its exact pending operation [0.05ms]
(pass) closing process input settles both the missing initial frame and a pending response [0.26ms]

test/resident-compaction.test.ts:
(pass) Resident compaction > replaces oversized hydrated history before continuing the Resident run [129.37ms]

test/provision-consent.test.ts:
(pass) consent is a require_approval policy row on the two contact authority ops, nothing else [3.93ms]
(pass) the model cannot mint or decide Owner consent, and workers cannot see provision [2.93ms]
(pass) executes exactly the original promotion after authenticated consent [5.88ms]
(pass) Owner refusal never promotes a provisional contact [3.92ms]
(pass) rejects an endpoint move after source or target changes, including same-clock edits [3.53ms]
(pass) merges only the approved endpoint into the exact target [5.12ms]
(pass) consent to merge an unknown endpoint is refused by the act itself, never applied [3.97ms]
(pass) consent to merge an unknown target is refused by the act itself, never applied [4.44ms]
(pass) consent to merge an endpoint already bound to its target is refused by the act itself, never applied [4.06ms]
(pass) invalidates a merge when the source identity changes without moving its endpoint [3.75ms]
(pass) refuses malformed output at the real dispatcher boundary [1.53ms]
(pass) bounds pending Owner requests across sessions without applying a ninth act [18.16ms]
(pass) contact_promote preserves Owner Wait across SQLite reopen and approve settles exactly once [47.32ms]
(pass) contact_promote preserves Owner Wait across SQLite reopen and refuse settles exactly once [22.66ms]
(pass) contact_merge preserves Owner Wait across SQLite reopen and approve settles exactly once [23.68ms]
(pass) contact_merge preserves Owner Wait across SQLite reopen and refuse settles exactly once [20.61ms]

test/process-session-transport.test.ts:
(pass) process transport relays the child's doorbell and both receipt outcomes [17.28ms]
(pass) an answer whose principal is not the authenticated child is refused [15.00ms]
(pass) measured process entry exits without a request on empty stdin [230.46ms]
(pass) native process entry validates and releases a request for a missing durable session [313.47ms]
(pass) a child exiting without settling surfaces its exit code [16.73ms]
(pass) closing the transport kills lingering children [15.66ms]
(pass) a doorbell is not successful settlement when the child crashes [15.66ms]
(pass) malformed child output rejects the wire rather than being acknowledged [14.94ms]
(pass) real process entry validates its first request: {"input":"","code":78,"error":false} [226.47ms]
(pass) real process entry validates its first request: {"input":"{not-json}\n","code":1,"error":true} [216.81ms]
(pass) real process entry validates its first request: {"input":"{}\n","code":1,"error":true} [222.38ms]

test/provisioning.test.ts:
(pass) vault-key resolution > OPENOMNI_VAULT_KEY wins over the key file [0.73ms]
(pass) vault-key resolution > a wrong-length env key is locked, never a partial KEK [0.28ms]
(pass) vault-key resolution > no env key and no key file is locked with the missing path named [0.22ms]
(pass) vault-key resolution > an operator key file resolves without changing its bytes or permissions [0.61ms]
(pass) declared channel profile > a valid declaration mounts with the provider's empty driver configuration [0.18ms]
(pass) declared channel profile > disabled, unknown-provider, and credential-less rows are statuses, not mounts [0.03ms]
(pass) declared channel profile > locked vault and malformed payloads fail closed per row [0.12ms]
(pass) declared channel profile > vaultCredentialReader opens real store rows and reports lock reasons [0.99ms]
(pass) boot profile selection (§8.1, §8.4) > no declarations means no external channels [0.93ms]
(pass) boot profile selection (§8.1, §8.4) > a declared row carries its grant tier, and an undeclared grant mounts at the mount tier [1.42ms]
(pass) boot profile selection (§8.1, §8.4) > a disabled declaration stays unmounted [0.85ms]
(pass) boot profile selection (§8.1, §8.4) > §8.4 locked vault: enabled declarations become vault_locked statuses, nothing mounts [1.20ms]
(pass) boot profile selection (§8.1, §8.4) > §8.7 the declared bounce key folds revision with the secret's rotation epoch [1.37ms]
(pass) materializePersons > Person manifests become identity and endpoint facts, idempotently [1.31ms]
(pass) provider credential gate > an unregistered provider is refused before any schema runs [0.04ms]
(pass) github declared row > a github declaration mounts through the provider credential schema [0.03ms]
(pass) github declared row > a slack declaration mounts through the provider credential schema [0.17ms]

test/monitor-errors.test.ts:
(pass) alarm JSON boundary validates values instead of assigning a payload type [0.46ms]
(pass) PTY callback faults surface a typed boundary failure [29.82ms]
(pass) owned PTY drains the final UTF-8 line before reporting the child's exit status [28.91ms]
(pass) PTY cancellation settles from a subscribed line signal without requiring natural EOF [28.64ms]
(pass) path callback faults report a typed failure without advancing its observation cursor [4.36ms]

test/machine-entry-adapter.test.ts:
(pass) machine entry adapter handles enrollment %s [5.10ms]
(pass) machine entry adapter handles enrollment %s [2.51ms]

test/effect-runtime.test.ts:
(pass) tool ports bridge machine filesystem and exec effects through the app runtime [0.20ms]
(pass) the server edge consumes the shared gateway runtime and its injected services [16.16ms]
(pass) failed boot releases acquired resources in reverse and rethrows the typed cause [2.69ms]
(pass) double stop observes one pending disposal and releases exactly once [2.11ms]
(pass) scope finalizers all run and aggregate failures in reverse release order [2.11ms]

test/effect-shutdown.test.ts:
(pass) shutdown stops ingress before session cleanup and awaits cleanup before storage and exit [2.77ms]
(pass) a cleanup failure is an observed shutdown incident and cannot produce a successful exit [2.29ms]
(pass) zero-grace close retains a raw tool lease (settle after turn: false) [18.97ms]
(pass) zero-grace close retains a raw tool lease (settle after turn: true) [17.04ms]

test/send-message-e2e.test.ts:
(pass) an external turn never dispatches an unsolicited reply for connection ?actor=owner [158.88ms]
(pass) an external turn never dispatches an unsolicited reply for connection  [167.48ms]
(pass) an explicit model send_message routes through MessagePort.ingest to the external surface [186.75ms]
(fail) a child session terminal commits exactly one parent reply with the original reply binding [5032.58ms]
  ^ this test timed out after 5000ms.

test/outbound-inbox-binding.test.ts:
post-commit observation failed: different-letter
(pass) the receiving consumer may only commit the exact outbound letter [9.08ms]

test/process-session-e2e.test.ts:
(pass) process entry exits on empty stdin and closes its reply channel [0.82ms]
117 |     expect((await fixture.send({
118 |       to: { kind: "new_session", role: "worker", runner: "process", parent: "me" },
119 |       type: "message",
120 |       content: "work",
121 |       replyTo: "process-entry-original",
122 |     })).isError).not.toBe(true);
                           ^
error: expect(received).not.toBe(expected)

Expected: not true

      at <anonymous> (/Users/ino/Develop/openomni-w52/apps/openomni/test/process-session-e2e.test.ts:122:22)
(fail) process entry logs committed sessions and disposes its runtime [77.57ms]
189 |           content: "work",
190 |           ...(toolSend ? {} : { deadline }),
191 |           replyTo: "process-original",
192 |         })
193 |       ).isError,
194 |     ).not.toBe(true);
                ^
error: expect(received).not.toBe(expected)

Expected: not true

      at <anonymous> (/Users/ino/Develop/openomni-w52/apps/openomni/test/process-session-e2e.test.ts:194:11)
(fail) process-session entry preserves deadline and parent with tool send %s [72.93ms]
189 |           content: "work",
190 |           ...(toolSend ? {} : { deadline }),
191 |           replyTo: "process-original",
192 |         })
193 |       ).isError,
194 |     ).not.toBe(true);
                ^
error: expect(received).not.toBe(expected)

Expected: not true

      at <anonymous> (/Users/ino/Develop/openomni-w52/apps/openomni/test/process-session-e2e.test.ts:194:11)
(fail) process-session entry preserves deadline and parent with tool send %s [80.68ms]
307 |         return { type: "stop" as const };
308 |       }),
309 |     },
310 |   });
311 |   await ownerStart(app, "initial-process");
312 |   expect(await received).toEqual({ ok: true });
                               ^
error: expect(received).toEqual(expected)

  {
-   "ok": true,
+   "error": [Error: process reply was not drained],
+   "ok": false,
  }

- Expected  - 1
+ Received  + 2

      at <anonymous> (/Users/ino/Develop/openomni-w52/apps/openomni/test/process-session-e2e.test.ts:312:26)
(fail) startOpenOmni runs a process session and drains its atomic parent reply without ACK settlement [60052.97ms]

test/machine-cli.test.ts:
machines-codemode QA {"list":[{"machineId":"A","name":"A","tags":["A"],"allowedCapabilities":["fs.read","fs.write","shell.exec","kernel.py"],"allowedExports":["data"],"enrolledAt":1,"capabilities":["fs.read","fs.write","kernel.py","shell.exec"],"os":"darwin","arch":"arm64"},{"machineId":"B","name":"B","tags":["B"],"allowedCapabilities":["fs.read","fs.write","shell.exec","kernel.py"],"allowedExports":["data"],"enrolledAt":1,"capabilities":["fs.read","fs.write","kernel.py","shell.exec"],"os":"darwin","arch":"arm64"}],"write":{"op":"write","bytesWritten":4},"readback":[0,255,128,65],"exec":{"stdout":[111,117,116],"stderr":[101,114,114],"exitCode":7,"signal":null},"runCode":{"status":"completed","cellId":"qa-code","output":{"stdout":"","stderr":""},"value":"42"},"result":"(['A', 'B'], [0, 255, 128, 65], 4, b'out', b'err', 7, '42')","tenantIsolation":"NameError","daemonPids":[18170,18185]}
machines-codemode cleanup {"daemonExits":2,"socketExists":false,"directoryExists":false}
(pass) machine attach CLI composes real runners; eval pipelines two machine handles [1549.62ms]

test/composition-typed-failures.test.ts:
(pass) message preparation fails in the typed admission channel without a sender lease [1.60ms]
(pass) child preparation refuses a pinned policy without admission bounds [1.25ms]
(pass) ingress commit without a receipt becomes a typed corrupt-record commit failure [3.12ms]

test/compaction-wiring.test.ts:
(pass) compaction composition configuration > wires a run-scoped summarizer by default [0.12ms]
(pass) compaction composition configuration > omits the summarizer when explicitly off while preserving deterministic reduction [0.04ms]
(pass) compaction composition configuration > passes configured compaction through the production Resident root [270.13ms]

test/policy-generation.test.ts:
(pass) the ledger writer seeds generation one with mandatory rows and identical reseeding is a no-op [1.63ms]
(pass) an unresolved named ref in a ledger generation compiles to a typed deny [1.71ms]

test/alarm-runtime.test.ts:
(pass) command source refuses construction without the PTY builtin [0.07ms]
(pass) app boot refuses a missing PTY builtin with a typed runtime requirement [9.83ms]

test/monitor-dispatcher.test.ts:
(pass) monitor schema and dispatcher keep one strict create/rearm/cancel surface [0.98ms]
(pass) monitor controls fold arm/rearm/cancel as chain facts scoped to the arming session [3.25ms]
(pass) watchFiredHook commits occurrence, wake prompt, and budget pause as one chain batch [2.69ms]

test/codemode-completion-budget.test.ts:
(pass) two cells in one turn each own a full completion budget [63.08ms]

test/fact-tap-retirement.test.ts:
967 provider {"requests":3,"billed":{"input":16,"output":20},"calls":[{"id":"paired","tool":"lookup","input":{}}],"results":[],"terminals":[{"info":{"id":"msg-b7a89362-94e1-4a80-8198-14f2e22924ea","sessionID":"f66afa0c-7dd7-4b41-8417-c6d3bf025d54","role":"assistant","time":{"created":1790625595066,"completed":1790625595074},"parentID":"ws::ws%3A%3Adm%3Af6d3213a-4e9d-477a-942e-aa6a5957eb75:8f3af0bc-ba3e-41f5-9a4d-464ffa93762d","modelID":"fixture","providerID":"anthropic","agent":"default","path":{"cwd":"/Users/ino/Develop/openomni-w52/apps/openomni","root":"/Users/ino/Develop/openomni-w52/apps/openomni"},"cost":0,"tokens":{"input":5,"output":7,"reasoning":0,"cache":{"read":0,"write":0}},"finish":"stop"},"parts":[{"id":"a6cdb304-16c6-4caf-a125-4208993e8cff","sessionID":"f66afa0c-7dd7-4b41-8417-c6d3bf025d54","messageID":"msg-b7a89362-94e1-4a80-8198-14f2e22924ea","type":"step-start"},{"id":"3727f4b8-85dd-4f84-afcc-2f8d48381296","sessionID":"f66afa0c-7dd7-4b41-8417-c6d3bf025d54","messageID":"msg-b7a89362-94e1-4a80-8198-14f2e22924ea","type":"tool","callID":"paired","tool":"lookup","state":{"status":"pending","input":{}}},{"id":"574163a6-2319-40db-a3d5-58817fcdbdd5","sessionID":"f66afa0c-7dd7-4b41-8417-c6d3bf025d54","messageID":"msg-b7a89362-94e1-4a80-8198-14f2e22924ea","type":"step-finish","reason":"tool-calls","cost":0,"tokens":{"input":5,"output":7,"reasoning":0,"cache":{"read":0,"write":0}}}]},{"info":{"id":"msg-fcec3981-4af4-4024-b0b4-0bba17de33f5","sessionID":"f66afa0c-7dd7-4b41-8417-c6d3bf025d54","role":"assistant","time":{"created":1790625595091,"completed":1790625595099},"parentID":"msg-b7a89362-94e1-4a80-8198-14f2e22924ea","modelID":"fixture","providerID":"anthropic","agent":"default","path":{"cwd":"/Users/ino/Develop/openomni-w52/apps/openomni","root":"/Users/ino/Develop/openomni-w52/apps/openomni"},"cost":0,"tokens":{"input":0,"output":0,"reasoning":0,"cache":{"read":0,"write":0}},"finish":"error"},"parts":[]},{"info":{"id":"msg-20ed8d58-1dc8-4822-8da5-82ebfc479558","sessionID":"f66afa0c-7dd7-4b41-8417-c6d3bf025d54","role":"assistant","time":{"created":1790625595102,"completed":1790625595105},"parentID":"msg-b7a89362-94e1-4a80-8198-14f2e22924ea","modelID":"fixture","providerID":"anthropic","agent":"default","path":{"cwd":"/Users/ino/Develop/openomni-w52/apps/openomni","root":"/Users/ino/Develop/openomni-w52/apps/openomni"},"cost":0,"tokens":{"input":11,"output":13,"reasoning":0,"cache":{"read":0,"write":0}},"finish":"stop"},"parts":[{"id":"ac283af0-5a52-4f50-98ac-434950407887","sessionID":"f66afa0c-7dd7-4b41-8417-c6d3bf025d54","messageID":"msg-20ed8d58-1dc8-4822-8da5-82ebfc479558","type":"step-start"},{"id":"5d6c2844-1f10-402c-a607-8ca7ece8b7c2","sessionID":"f66afa0c-7dd7-4b41-8417-c6d3bf025d54","messageID":"msg-20ed8d58-1dc8-4822-8da5-82ebfc479558","type":"text","text":"retained reply","time":{"start":1790625595104,"end":1790625595105},"metadata":{}},{"id":"00474344-d717-4ac6-835f-431a00e5deb4","sessionID":"f66afa0c-7dd7-4b41-8417-c6d3bf025d54","messageID":"msg-20ed8d58-1dc8-4822-8da5-82ebfc479558","type":"step-finish","reason":"stop","cost":0,"tokens":{"input":11,"output":13,"reasoning":0,"cache":{"read":0,"write":0}}}]}]}
967 app SQLite {"reply":{"phase":"terminal","turnId":"304f3b0e-fdab-4c61-883c-ab0f48f16fb3","kind":"result","text":"retained reply","boundaryActionId":"9c08049d-a7ab-4c51-8865-81f95d7408fb","resumeCount":0},"requests":3,"appPort":56762,"catalogPath":"/var/folders/hn/5mq7n_jn6k3065zcjcjmrpgw0000gn/T/openomni-967-fact-tap-cKqKlX/catalog.sqlite","actions":[{"session_id":"f66afa0c-7dd7-4b41-8417-c6d3bf025d54","kind":"session.configure","ordinal":1},{"session_id":"f66afa0c-7dd7-4b41-8417-c6d3bf025d54","kind":"prompt","ordinal":2},{"session_id":"f66afa0c-7dd7-4b41-8417-c6d3bf025d54","kind":"policy.decision","ordinal":3},{"session_id":"f66afa0c-7dd7-4b41-8417-c6d3bf025d54","kind":"policy.decision","ordinal":4},{"session_id":"f66afa0c-7dd7-4b41-8417-c6d3bf025d54","kind":"inbox.deliver","ordinal":5},{"session_id":"f66afa0c-7dd7-4b41-8417-c6d3bf025d54","kind":"turn","ordinal":6},{"session_id":"f66afa0c-7dd7-4b41-8417-c6d3bf025d54","kind":"policy.decision","ordinal":7},{"session_id":"f66afa0c-7dd7-4b41-8417-c6d3bf025d54","kind":"turn","ordinal":8},{"session_id":"f66afa0c-7dd7-4b41-8417-c6d3bf025d54","kind":"policy.decision","ordinal":9},{"session_id":"f66afa0c-7dd7-4b41-8417-c6d3bf025d54","kind":"llm","ordinal":10},{"session_id":"f66afa0c-7dd7-4b41-8417-c6d3bf025d54","kind":"attempt","ordinal":11},{"session_id":"f66afa0c-7dd7-4b41-8417-c6d3bf025d54","kind":"attempt","ordinal":12},{"session_id":"f66afa0c-7dd7-4b41-8417-c6d3bf025d54","kind":"policy.decision","ordinal":13},{"session_id":"f66afa0c-7dd7-4b41-8417-c6d3bf025d54","kind":"llm","ordinal":14},{"session_id":"f66afa0c-7dd7-4b41-8417-c6d3bf025d54","kind":"policy.decision","ordinal":15},{"session_id":"f66afa0c-7dd7-4b41-8417-c6d3bf025d54","kind":"message","ordinal":16},{"session_id":"f66afa0c-7dd7-4b41-8417-c6d3bf025d54","kind":"policy.decision","ordinal":17},{"session_id":"f66afa0c-7dd7-4b41-8417-c6d3bf025d54","kind":"message","ordinal":18},{"session_id":"f66afa0c-7dd7-4b41-8417-c6d3bf025d54","kind":"turn","ordinal":19},{"session_id":"f66afa0c-7dd7-4b41-8417-c6d3bf025d54","kind":"policy.decision","ordinal":20},{"session_id":"f66afa0c-7dd7-4b41-8417-c6d3bf025d54","kind":"tool","ordinal":21},{"session_id":"f66afa0c-7dd7-4b41-8417-c6d3bf025d54","kind":"policy.decision","ordinal":22},{"session_id":"f66afa0c-7dd7-4b41-8417-c6d3bf025d54","kind":"tool","ordinal":23},{"session_id":"f66afa0c-7dd7-4b41-8417-c6d3bf025d54","kind":"turn","ordinal":24},{"session_id":"f66afa0c-7dd7-4b41-8417-c6d3bf025d54","kind":"policy.decision","ordinal":25},{"session_id":"f66afa0c-7dd7-4b41-8417-c6d3bf025d54","kind":"message","ordinal":26},{"session_id":"f66afa0c-7dd7-4b41-8417-c6d3bf025d54","kind":"policy.decision","ordinal":27},{"session_id":"f66afa0c-7dd7-4b41-8417-c6d3bf025d54","kind":"message","ordinal":28},{"session_id":"f66afa0c-7dd7-4b41-8417-c6d3bf025d54","kind":"policy.decision","ordinal":29},{"session_id":"f66afa0c-7dd7-4b41-8417-c6d3bf025d54","kind":"policy.decision","ordinal":30},{"session_id":"f66afa0c-7dd7-4b41-8417-c6d3bf025d54","kind":"policy.decision","ordinal":31},{"session_id":"f66afa0c-7dd7-4b41-8417-c6d3bf025d54","kind":"policy.decision","ordinal":32},{"session_id":"f66afa0c-7dd7-4b41-8417-c6d3bf025d54","kind":"turn","ordinal":33},{"session_id":"f66afa0c-7dd7-4b41-8417-c6d3bf025d54","kind":"turn","ordinal":34},{"session_id":"f66afa0c-7dd7-4b41-8417-c6d3bf025d54","kind":"policy.decision","ordinal":35},{"session_id":"f66afa0c-7dd7-4b41-8417-c6d3bf025d54","kind":"llm","ordinal":36},{"session_id":"f66afa0c-7dd7-4b41-8417-c6d3bf025d54","kind":"attempt","ordinal":37},{"session_id":"f66afa0c-7dd7-4b41-8417-c6d3bf025d54","kind":"attempt","ordinal":38},{"session_id":"f66afa0c-7dd7-4b41-8417-c6d3bf025d54","kind":"alarm.arm","ordinal":39},{"session_id":"f66afa0c-7dd7-4b41-8417-c6d3bf025d54","kind":"policy.decision","ordinal":40},{"session_id":"f66afa0c-7dd7-4b41-8417-c6d3bf025d54","kind":"attempt","ordinal":41},{"session_id":"f66afa0c-7dd7-4b41-8417-c6d3bf025d54","kind":"attempt","ordinal":42},{"session_id":"f66afa0c-7dd7-4b41-8417-c6d3bf025d54","kind":"policy.decision","ordinal":43},{"session_id":"f66afa0c-7dd7-4b41-8417-c6d3bf025d54","kind":"llm","ordinal":44},{"session_id":"f66afa0c-7dd7-4b41-8417-c6d3bf025d54","kind":"policy.decision","ordinal":45},{"session_id":"f66afa0c-7dd7-4b41-8417-c6d3bf025d54","kind":"message","ordinal":46},{"session_id":"f66afa0c-7dd7-4b41-8417-c6d3bf025d54","kind":"policy.decision","ordinal":47},{"session_id":"f66afa0c-7dd7-4b41-8417-c6d3bf025d54","kind":"message","ordinal":48},{"session_id":"f66afa0c-7dd7-4b41-8417-c6d3bf025d54","kind":"turn","ordinal":49},{"session_id":"f66afa0c-7dd7-4b41-8417-c6d3bf025d54","kind":"turn","ordinal":50},{"session_id":"f66afa0c-7dd7-4b41-8417-c6d3bf025d54","kind":"policy.decision","ordinal":51},{"session_id":"f66afa0c-7dd7-4b41-8417-c6d3bf025d54","kind":"turn","ordinal":52},{"session_id":"f66afa0c-7dd7-4b41-8417-c6d3bf025d54","kind":"policy.decision","ordinal":53},{"session_id":"f66afa0c-7dd7-4b41-8417-c6d3bf025d54","kind":"turn","ordinal":54}],"turns":[{"turnId":"304f3b0e-fdab-4c61-883c-ab0f48f16fb3","state":"idle","startedAt":1790625595053,"terminal":{"kind":"result","actionId":"ead133df-b895-41b9-afbf-02197a97fe42","at":1790625595113},"messages":[{"role":"user","text":"967 input"},{"role":"assistant","text":"retained reply"}]}]}
967 cleanup {"appPort":56762,"providerPort":56761,"directory":"/var/folders/hn/5mq7n_jn6k3065zcjcjmrpgw0000gn/T/openomni-967-fact-tap-cKqKlX","directoryExists":false,"socketState":3}
 
(pass) 967 actual provider stream and app SQLite reply survive fact tap retirement [471.52ms]

test/generation-crash.test.ts:
{"case":"G1-prerequisite","volatileScopes":"not_durable","reconstructedResources":"rearmed","generations":[2,1]}
(pass) G1 prerequisite: SIGKILL at committed configure rearms current and recorded older generations [356.17ms]

test/resident-tool-executor-wiring.test.ts:
(pass) a resident tool call is executed and observed through the durable executor [23.53ms]

test/boot-wiring.test.ts:
(pass) boot tool catalog > boots ready without legacy work tools in the Resident catalog [67.59ms]
(pass) stopping the daemon preserves the durable WebSocket bootstrap grant [26.88ms]
(pass) channel supervisor > a stage owns its grant, route, and webhook; stopAll revokes all of them [1.55ms]
(pass) channel supervisor > a row's declared tier is the mounted grant's tier and disposal removes the row [1.29ms]
(pass) channel supervisor > §8.7 rotation bounces exactly the changed stage, stop before start [0.70ms]
(pass) channel supervisor > a removed declaration unmounts and a failed start unwinds fail-closed [0.98ms]
(pass) channel supervisor > three consecutive start failures trip the breaker; only resume re-arms it [0.62ms]
(pass) channel supervisor > app scope disposal drives stopAll exactly like shutdown [2.92ms]
(pass) supervisor status passthrough > profile statuses surface verbatim in the reconcile verdict, detail included [0.04ms]

test/rlm-tools.test.ts:
(pass) the completion tool > returns the port's answer [2.50ms]
(pass) the completion tool > classifies a malformed call as invalid input without touching the port [1.67ms]
(pass) the completion tool > forwards system and model to the port and validates a schema-shaped answer [2.55ms]
(pass) the completion tool > serves 32 calls per cell, then refuses that cell without invoking the port [6.14ms]
(pass) the completion tool > surfaces a failure as an error RESULT through the dispatcher, never as data [1.38ms]
(pass) the completion tool > refuses an unlisted model instead of guessing an SDK for it [0.58ms]
(pass) the completion tool > dispatches the cell door without a target eligibility fold [1.29ms]
(pass) the completion port > runs one toolless step under its own trace and returns the assistant text [0.28ms]
(pass) the completion port > carries a system text and a model id override on the configured provider [0.16ms]
(pass) the completion port > ignores non-assistant messages when reading the answer [0.13ms]
(pass) the completion port > throws the provider's failure instead of returning it as data [0.53ms]
(pass) the completion port > names the outcome when a non-stop run carries no error [0.19ms]
(pass) the completion port > rejects a run that asks to continue: a one-step toolless call has nothing to continue [0.12ms]
(pass) the completion port > refuses without the session's attempt authority instead of running unrecorded [0.03ms]
(pass) the completion port > surfaces a refused llm operation as the refusal's reason [0.03ms]
(pass) the completion port > rejects an executed value that is not the text record the run produces [0.04ms]
(pass) catalog gating for the rlm tools > lists the completion spec in the shippable surface the lint reads [1.16ms]
(pass) catalog gating for the rlm tools > stays in the static catalog without a wired port and refuses at execution [1.66ms]
(pass) catalog gating for the rlm tools > projects completion without target metadata [1.01ms]

test/request-owner-e2e.test.ts:
107 |       try {
108 |         if (started) process.send({ type: "stop" });
109 |         else process.kill("SIGKILL");
110 |         const exitCode = await process.exited;
111 |         const logs = await output;
112 |         if (started) expect(exitCode, logs.join("\n")).toBe(0);
                                                             ^
error: 


Expected: 0
Received: 137

      at close (/Users/ino/Develop/openomni-w52/apps/openomni/test/request-owner-e2e.test.ts:112:56)
      at async <anonymous> (/Users/ino/Develop/openomni-w52/apps/openomni/test/request-owner-e2e.test.ts:281:23)
(fail) authenticated Owner executes the captured Person invocation once across SIGKILL and two restarts [10803.50ms]
107 |       try {
108 |         if (started) process.send({ type: "stop" });
109 |         else process.kill("SIGKILL");
110 |         const exitCode = await process.exited;
111 |         const logs = await output;
112 |         if (started) expect(exitCode, logs.join("\n")).toBe(0);
                                                             ^
error: 


Expected: 0
Received: 137

      at close (/Users/ino/Develop/openomni-w52/apps/openomni/test/request-owner-e2e.test.ts:112:56)
      at async <anonymous> (/Users/ino/Develop/openomni-w52/apps/openomni/test/request-owner-e2e.test.ts:326:23)
(fail) real Owner socket cannot apply an original Person invocation against a changed domain revision [5411.00ms]

test/machine-composition-failure.test.ts:
(pass) the app machine host translates a codemode failure at its callback boundary [14.04ms]

test/session-tool-recovery-e2e.test.ts:
937 R1 {"mode":"after-wave","bodies":["A"],"results":[{"type":"tool_result","tool_use_id":"call-A","content":"ACTUAL_COMPLETED_RESULT:A"}]}
(pass) real SDK after-wave preserves committed rendered tool slots without replay [59.58ms]
937 R1 {"mode":"partial-wave","bodies":["A","B"],"results":[{"type":"tool_result","tool_use_id":"call-A","content":"ACTUAL_COMPLETED_RESULT:A"},{"type":"tool_result","tool_use_id":"call-B","content":"Error: fiber_interrupted"}]}
(pass) real SDK partial-wave preserves committed rendered tool slots without replay [46.04ms]
937 R1 {"mode":"crash-window","bodies":["A","B"],"results":[{"type":"tool_result","tool_use_id":"call-A","content":"ACTUAL_COMPLETED_RESULT:A"},{"type":"tool_result","tool_use_id":"call-B","content":"Error: B outcome unknown: the process was lost before a result was recorded"}]}
(pass) real SDK crash-window preserves committed rendered tool slots without replay [56.84ms]
observation emit failed {
  eventName: "tool.execution.completed",
  error: "Error: crash after committed result",
}
937 R1 {"mode":"error-window","bodies":["A"],"results":[{"type":"tool_result","tool_use_id":"call-A","content":"ACTUAL_COMPLETED_RESULT:A"}]}
(pass) real SDK error-window preserves committed rendered tool slots without replay [39.59ms]

test/gateway-contracts.test.ts:
(pass) channel grant registration > the revoker removes exactly the grant it registered [1.26ms]
(pass) channel grant registration > named surfaces resolve their mount tier while loopback ws keeps its explicit owner bootstrap [3.53ms]
(pass) channel grant registration > the composition-root registrar materializes the row's tier and the configured allowlist [0.95ms]
(pass) channel grant registration > an allowlisted mount grant exists for listed senders alone at the mount tier [0.78ms]
(pass) authenticated gateway ingress > real gateway observations retain stamped metadata for schema consumers [24.79ms]
(pass) authenticated gateway ingress > rejects invalid message types at the boundary without committing inbox state [3.09ms]
(pass) authenticated gateway ingress > evidence-only ingress suppresses offered tools and keeps the original content [18.03ms]
(pass) authenticated gateway ingress > a normal prompt restores tool driving after an evidence-only turn [33.70ms]
(pass) authenticated gateway ingress > a forced tool call is refused on evidence-only ingress [19.07ms]
(pass) cold egress needs a budget but a reply-scoped send remains available [35.19ms]

test/codemode-completion-lifetime.test.ts:
(pass) background completion retains generation until settlement; stop=false [1040.67ms]
(pass) background completion retains generation until settlement; stop=true [1073.86ms]

test/npm-package.test.ts:
(pass) health endpoint > GET /health answers ok on the ws port [33.72ms]
73 |       stdout: "pipe",
74 |       stderr: "pipe",
75 |       timeout: 10_000,
76 |       killSignal: "SIGKILL",
77 |     });
78 |     expect(build.exitCode, build.stderr.toString()).toBe(0);
                                                         ^
error: 131 |       errno: EINVAL,
132 |       code: "EINVAL"
133 |     });
134 |   return { __proto__: null, srcStat, destStat, skipped: !1 };
135 | }
136 |   let destStat, statFunc = opts.dereference ? (file) => statSync(file, { bigint: !0 }) : (file) => lstatSync(file, { bigint: !0 }), srcStat = statFunc(src);
                                                                                                                                                            ^
ENOENT: no such file or directory, lstat '/Users/ino/Develop/openomni-w52/packages/ledger/migration'
    path: "/Users/ino/Develop/openomni-w52/packages/ledger/migration",
 syscall: "lstat",
   errno: -2,
    code: "ENOENT"

      at getStatsSync (internal:fs/cp-sync:136:151)
      at checkPathsSync (internal:fs/cp-sync:98:43)
      at tryNativeFastPathSync (internal:fs/cp-sync:188:31)
      at cpSync (node:fs:342:48)
      at /Users/ino/Develop/openomni-w52/apps/openomni/script/build-npm-package.ts:39:1

Bun v1.4.1 (macOS arm64)


Expected: 0
Received: 1

      at <anonymous> (/Users/ino/Develop/openomni-w52/apps/openomni/test/npm-package.test.ts:78:53)
(fail) npm package staging > build stages a dependency-free package whose bundle boots with real migrations [135.34ms]

test/locus-routing.test.ts:
(pass) parseLocus > local /tmp/a [0.09ms]
(pass) parseLocus > local a/b
(pass) parseLocus > local ./a:b
(pass) parseLocus > local /tmp/a:b
(pass) parseLocus > local ../relative
(pass) parseLocus > remote m:/tmp/a:b [0.06ms]
(pass) parseLocus > remote c:/
(pass) parseLocus > remote node-1:/a
(pass) parseLocus > refuses "" [0.02ms]
(pass) parseLocus > refuses ":/a"
(pass) parseLocus > refuses "m:" [0.12ms]
(pass) parseLocus > refuses "m:relative" [0.01ms]
(pass) parseLocus > refuses "m://a"
(pass) parseLocus > refuses "m:/../a" [0.01ms]
(pass) parseLocus > refuses "m:/a\u0000"
(pass) parseLocus > refuses "/machines/m/a"
(pass) parseLocus > refuses " /a\u0000"
(pass) parseLocus > refuses "a b:/x"
(pass) local tools > all five filesystem verbs preserve values and route mutations [13.25ms]
(pass) local tools > binary encoding, exact edit conflict, missing files, and full cell output [12.07ms]
(pass) local tools > bash returns stdout, stderr, exit status and has no persistent cwd [9.24ms]
(pass) real Unix daemon tools > all five filesystem verbs preserve values and route mutations [19.63ms]
(pass) real Unix daemon tools > binary encoding, exact edit conflict, missing files, and full cell output [42.25ms]
(pass) real Unix daemon tools > bash returns stdout, stderr, exit status and has no persistent cwd [16.43ms]
(pass) R1 bash rejects composite machine IDs before endpoint lookup even with an allowed cwd [17.27ms]
(pass) R2 recursive search preserves local colon escapes under . [6.28ms]
(pass) R2 recursive search preserves local colon escapes under ./ [5.47ms]
(pass) R3 real daemon Unicode read preserves cells and reports exact dropped bytes to the model [7.21ms]
(pass) a real daemon read assembles successive bounded chunks without dropping the tail [6.81ms]
(pass) a truncated remote read without progress is refused instead of looping [3.03ms]
(pass) daemon authority refuses writes and exec independently of the catalog [3.85ms]
(pass) missing machine host and malformed machine ids yield typed refusals [1.53ms]

test/watch-sources.test.ts:
(pass) watch-sources composition refuses a missing PTY builtin with the typed runtime error [0.03ms]
(pass) command watch sends filtered lines in source order and a terminal exit summary [40.42ms]
(pass) path watch fires on observed modification with the stat-identity source key [1.16ms]
(pass) a faulting path source sends a terminal source_error summary and the typed failure [0.72ms]
(pass) a rejecting watchFired send routes through the failure callback with the watch id [32.28ms]
(pass) reinstalling a watch id replaces the previous epoch's handle before new occurrences [61.42ms]

test/message-admission.test.ts:
(pass) app composition preserves actor accepted in the committed message terminal [35.54ms]
(pass) app composition preserves actor rejected in the committed message terminal [25.21ms]
(pass) app composition preserves actor unknown in the committed message terminal [26.13ms]
(pass) ungranted app actor send is a compiled pre-denial, never an executed delivery [21.57ms]
(pass) app ingress applies the channel default tier as policy facts, not top-level authority [18.21ms]

test/ingress-failure-boundaries.test.ts:
(pass) a mounted driver receives a rejected promise when message policy refuses admission [37.31ms]

test/cli-readline.test.ts:
(pass) readline adapter returns a terminal answer: {"secret":false} [2.30ms]
(pass) readline adapter returns a terminal answer: {"secret":false,"fallback":"default"} [0.29ms]
(pass) readline adapter returns a terminal answer: {"secret":true} [0.20ms]

test/session-attempt-e2e.test.ts:
937 SSE attempt {"visible":"none","requests":3,"retryAlarms":[{"status":"armed"},{"status":"armed"}],"parents":[{"id":"259a3b34-4a6c-4019-a1fb-b9c4a3dcd144"}],"attempts":[{"parent_id":"259a3b34-4a6c-4019-a1fb-b9c4a3dcd144"},{"parent_id":"259a3b34-4a6c-4019-a1fb-b9c4a3dcd144"},{"parent_id":"259a3b34-4a6c-4019-a1fb-b9c4a3dcd144"}]}
(pass) real SSE none visibility has exact provider invocation and durable child topology [86.25ms]
937 SSE attempt {"visible":"text","requests":1,"retryAlarms":[],"parents":[{"id":"c2ea3ed7-56f6-447b-a388-68b2cd475301"}],"attempts":[{"parent_id":"c2ea3ed7-56f6-447b-a388-68b2cd475301"}]}
(pass) real SSE text visibility has exact provider invocation and durable child topology [62.37ms]
937 SSE attempt {"visible":"tool","requests":1,"retryAlarms":[],"parents":[{"id":"9fac48c8-4070-4870-8e3a-7516778f182a"}],"attempts":[{"parent_id":"9fac48c8-4070-4870-8e3a-7516778f182a"}]}
(pass) real SSE tool visibility has exact provider invocation and durable child topology [63.01ms]
937 fallback transport [{"path":"/v1/messages","key":"primary-key"},{"path":"/v1/responses","key":"Bearer fallback-key"}]
(pass) real cross-provider fallback sends only the fallback's stored credential [81.39ms]

test/request-entry-auth.test.ts:
(pass) an authenticated socket still requires the Owner credential on a request answer [28.46ms]

test/policy-seed.test.ts:
(pass) interrupted policy promotion rolls back every row and reopens with the complete generation [10.14ms]
(pass) budget presence alone does not complete a generation; preserve existing policy content [7.73ms]

test/model-transport.test.ts:
(pass) modelTransport > is absent when the operator configured neither field
(pass) modelTransport > carries whichever fields the operator set [0.02ms]
(pass) modelTransport > copies the header map so later config mutation cannot reach a live call
(pass) operator transport reaches every model caller > the Resident forwards it to the llm call [17.51ms]
(pass) operator transport reaches every model caller > the completion port forwards it to its one-shot sub-model call [0.38ms]
(pass) operator transport reaches every model caller > the process worker wire carries it across the process boundary [0.46ms]
(pass) operator transport reaches every model caller > the process worker wire rejects an unknown transport field [0.04ms]

test/message-terminal-boundaries.test.ts:
(pass) startOpenOmni reports pre-denied socket admission as an error, not accepted [35.07ms]
(fail) startOpenOmni deadline-bound child delivers result under the original request [5032.16ms]
  ^ this test timed out after 5000ms.
113 |       if (handle === undefined) throw new Error("missing child handle");
114 |       const interrupt = runEffect(handle.interrupt());
115 |       release.resolve();
116 |       await interrupt;
117 |     }
118 |     expect(await delivery).toEqual({ ok: true });
                                 ^
error: expect(received).toEqual(expected)

  {
-   "ok": true,
+   "error": [Error: missing child terminal],
+   "ok": false,
  }

- Expected  - 1
+ Received  + 2

      at <anonymous> (/Users/ino/Develop/openomni-w52/apps/openomni/test/message-terminal-boundaries.test.ts:118:28)
(fail) startOpenOmni deadline-bound child delivers error under the original request [5015.56ms]
(fail) startOpenOmni deadline-bound child delivers interrupted under the original request [5016.99ms]
  ^ this test timed out after 5000ms.

test/provision-tools.test.ts:
(pass) provision output boundary > rejects malformed output through the dispatcher [2.03ms]
(pass) original Person invocation consent > a protected raise suspends then applies the exact original manifest once [6.80ms]
(pass) original Person invocation consent > refusal leaves the Person unchanged and approvalId cannot mint authority [6.30ms]
(pass) original Person invocation consent > a collaborator declaration remains direct [2.41ms]
(pass) original Person invocation consent > the act itself refuses consent bound to a Person revision that no longer holds [0.82ms]
(pass) original Person invocation consent > domain revision changes invalidate consent instead of applying a stale manifest [3.49ms]
(pass) owner Person protection and sole owner > same-tier owner endpoint edits suspend and apply only after consent [4.01ms]
(pass) owner Person protection and sole owner > consent cannot bypass the sole-owner store invariant [3.77ms]
(pass) owner Person protection and sole owner > contact_remove refuses the owner and removes other people [5.37ms]
(pass) channel administration ends in reconcile (§5, §8.7) > channel_add validates the credential BEFORE anything lands [2.58ms]
(pass) channel administration ends in reconcile (§5, §8.7) > channel_add refuses an unregistered provider before anything lands [2.18ms]
(pass) channel administration ends in reconcile (§5, §8.7) > §4 channel_add refuses unknown settings knobs — never accepted-and-ignored [2.51ms]
(pass) channel administration ends in reconcile (§5, §8.7) > a store refusal while landing the row surfaces as the tool's refusal, not a crash [2.24ms]
(pass) channel administration ends in reconcile (§5, §8.7) > a valid declaration seals the credential, lands the row, and reconciles [2.41ms]
(pass) channel administration ends in reconcile (§5, §8.7) > a locked vault refuses to seal — declaration never half-lands [1.84ms]
(pass) channel administration ends in reconcile (§5, §8.7) > a locked vault refuses to rotate — the sealed secret stays as it was [3.50ms]
(pass) channel administration ends in reconcile (§5, §8.7) > enable re-arms the breaker then reconciles; disable just reconciles [5.98ms]
(pass) channel administration ends in reconcile (§5, §8.7) > §8.7 secret_rotate keeps the id, bumps rotatedAt, and bounces via reconcile [5.71ms]
(pass) channel administration ends in reconcile (§5, §8.7) > catalog gate: provisioning administration is the Resident's alone [1.09ms]
(pass) channel administration ends in reconcile (§5, §8.7) > catalog gate: an uncomposed provisioning port keeps the tool and refuses [1.68ms]
(pass) channel administration ends in reconcile (§5, §8.7) > provision_status reports source, vault state, and per-instance verdicts [4.25ms]
(pass) refusal branches > malformed inputs refuse with the tool's typed refusal [6.63ms]
(pass) refusal branches > foreign approval identifiers are invalid rather than reusable authority [0.96ms]
(pass) refusal branches > missing request authority refuses instead of applying a protected mutation [0.98ms]
(pass) refusal branches > a durable-write failure in channel_add is a typed refusal [1.89ms]

test/composition-errors.test.ts:
(pass) component failure observation preserves an unprintable rejection [0.28ms]
(pass) resident materialization refuses unregistered runners before storage [1.40ms]

test/config.test.ts:
(pass) declared channel cutover > refuses legacy DISCORD_BOT_TOKEN with the typed provisioning replacement [0.10ms]
(pass) declared channel cutover > refuses legacy TELEGRAM_BOT_TOKEN with the typed provisioning replacement [0.05ms]
(pass) declared channel cutover > refuses legacy GITHUB_WEBHOOK_SECRET with the typed provisioning replacement [0.02ms]
(pass) declared channel cutover > ignores blank legacy variables [0.04ms]
(pass) cluster storage config > defaults the catalog file, sessions dir, and idle budget under the home [0.02ms]
(pass) cluster storage config > resolves injected partial configs through the same default owner [0.02ms]
(pass) cluster storage config > reads operator overrides from the environment [0.01ms]
(pass) cluster storage config > treats whitespace-only overrides as unset [0.02ms]
(pass) cluster storage config > refuses OPENOMNI_ENTITY_IDLE_MS="0" with a typed configuration code [0.02ms]
(pass) cluster storage config > refuses OPENOMNI_ENTITY_IDLE_MS="-5" with a typed configuration code [0.02ms]
(pass) cluster storage config > refuses OPENOMNI_ENTITY_IDLE_MS="1.5" with a typed configuration code
(pass) cluster storage config > refuses OPENOMNI_ENTITY_IDLE_MS="not-ms" with a typed configuration code [0.01ms]
(pass) cluster crypto layer > serves webcrypto random bytes and SHA-256 digests [0.28ms]
(pass) compaction summarizer config > defaults on and accepts only explicit off [0.03ms]
(pass) compaction summarizer config > fails closed on unknown values with a typed configuration code [0.02ms]
(pass) ws port parsing > is the single owner of the bound port, including the unset default [0.02ms]
(pass) ws port parsing > accepts 0 as the ephemeral bind the daemon honors [0.02ms]
(pass) ws port parsing > refuses "-1" with a typed configuration code [0.02ms]
(pass) ws port parsing > refuses "70000" with a typed configuration code [0.01ms]
(pass) ws port parsing > refuses "8080.5" with a typed configuration code
(pass) ws port parsing > refuses "not-a-port" with a typed configuration code
(pass) ws exposure enforcement > refuses a non-loopback host without an upgrade token [0.02ms]
(pass) ws exposure enforcement > refuses injected non-loopback config before binding [0.03ms]
(pass) ws exposure enforcement > accepts a non-loopback host once a token is set [0.01ms]
(pass) ws exposure enforcement > allows loopback without a token and omits the field
(pass) ws exposure enforcement > refuses a missing required model value [0.01ms]
(pass) ws exposure enforcement > leaves the model transport overrides absent when unset
(pass) ws exposure enforcement > reads the operator's model base URL and headers [0.06ms]
(pass) ws exposure enforcement > fails closed on malformed OPENOMNI_MODEL_HEADERS JSON [0.03ms]
(pass) ws exposure enforcement > fails closed on a JSON array [0.03ms]
(pass) ws exposure enforcement > fails closed on a bare string [0.01ms]
(pass) ws exposure enforcement > fails closed on non-string header values [0.02ms]
(pass) ws exposure enforcement > fails closed on an empty header name [0.06ms]
(pass) ws exposure enforcement > fails closed on a header name containing a CR/LF [0.03ms]
(pass) ws exposure enforcement > fails closed on a header value containing a CR/LF [0.02ms]
(pass) ws exposure enforcement > leaves the fallback chain absent when unset [0.01ms]
(pass) ws exposure enforcement > reads a comma-separated provider/model fallback chain in order [0.07ms]
(pass) ws exposure enforcement > keeps a model id containing slashes intact — only the first slash splits [0.02ms]
(pass) ws exposure enforcement > fails closed on an entry with no provider separator [0.02ms]
(pass) ws exposure enforcement > fails closed on an empty provider segment [0.01ms]
(pass) ws exposure enforcement > fails closed on an empty model segment
(pass) ws exposure enforcement > fails closed on a blank entry between two valid ones
(pass) ws exposure enforcement > fails closed on whitespace inside a segment
(pass) ws exposure enforcement > fails closed on a provider absent from the bundled catalog
(pass) ws exposure enforcement > treats a whitespace-only value as unset rather than as an empty chain
(pass) ws exposure enforcement > reads the Owner's export allowlist off the enrollment [0.05ms]
(pass) ws exposure enforcement > leaves the allowlist absent when the Owner named no export — no config, no reach [0.02ms]
(pass) ws exposure enforcement > refuses an enrollment whose export names collide or break the grammar [0.07ms]
(pass) ws exposure enforcement > reads explicit social budgets while keeping the default absent [0.29ms]
(pass) ws exposure enforcement > reads per-surface sender allowlists, absent by default [0.04ms]

test/catalog-generation.test.ts:
(pass) two turns retain one catalog Layer; configure acquires a fresh generation catalog [25.02ms]

test/session-loop-e2e.test.ts:
937 real SSE compaction {"requests":6,"summaries":2,"sessionId":"87828f10-03d9-4515-b0e5-203a8d765485","compactionIds":["82499f25-b80f-4a63-94b1-a56a3df31a3a"],"persisted":{"count":12}}
(pass) real app SSE compaction commits reversible evidence through the session executor [179.43ms]

test/cleanup-oracle.test.ts:
bun test v1.4.1 (4661e494f)
U1_REAL_CLEANUP_RESOLVED
 
test/e2e.test.ts:
 7 |   const suite = residentSuite(beforeReset);
 8 |   const cleanup = suite.cleanup;
 9 |   suite.cleanup = async () => {
10 |     await cleanup();
11 |     console.log("U1_REAL_CLEANUP_RESOLVED");
12 |     const error = new Error("U1_TEARDOWN_REJECTION");
                           ^
U1_TEARDOWN_REJECTION: U1_TEARDOWN_REJECTION
      at <anonymous> (/Users/ino/Develop/openomni-w52/apps/openomni/test/helpers/cleanup-rejection.preload.ts:12:23)
      at async <anonymous> (/Users/ino/Develop/openomni-w52/apps/openomni/test/e2e.test.ts:249:19)
(fail) OpenOmni Resident WebSocket > 967-U1 closes owned sockets and removes SQLite after an assertion failure [49.38ms]

 0 pass
 7 filtered out
 1 fail
 1 expect() calls
Ran 1 test across 1 file. [307.00ms]

(pass) 967-U1 teardown rejection fails the real assertion-failure cleanup test [320.83ms]

test/cluster-runtime.test.ts:
(pass) AppLive hosts the session entity: prompts append through the fenced kernel and dedupe on redelivery [128.68ms]

test/message-mutation-killers.test.ts:
(pass) worker actor send is blocked by a compiled B row before transport [19.07ms]
(pass) duplicate external event does not commit a second inbox message [20.74ms]
(pass) external ingress retry after inbox fault commits once despite a recorded route [21.61ms]
(pass) conversation correlation cannot select the physical default session [15.38ms]
(pass) corrupted persisted policy evidence is refused: {"mutation":"json_set(intent, '$.matchedRuleIds', json_array(42))","error":"invalid message decision rule identity"} [27.00ms]
(pass) corrupted persisted policy evidence is refused: {"mutation":"json_remove(intent, '$.inputHash')","error":"message pre decision is missing"} [22.14ms]
(pass) message observations carry the committed compiled policy rule identity [17.57ms]
(pass) an actor answer preserves platform correlation and wins its durable message deadline [25.04ms]
(pass) real compiled B parent refuses the violating session request [19.10ms]
(pass) real compiled B fanout refuses the violating session request [43.16ms]
(pass) real compiled B depth refuses the violating session request [31.45ms]
(pass) real compiled B deadline refuses the violating session request [34.71ms]
(pass) real compiled B worker cannot interrupt its parent [20.52ms]
(pass) an external reply to an awaited message admits with the correlated reply origin [20.05ms]

test/message-ingress-boundaries.test.ts:
(pass) complete reply chain selects ancestor through the compiled gateway [33.04ms]
(pass) complete reply chain selects nearer through the compiled gateway [38.41ms]
(pass) complete reply chain selects ambiguous through the compiled gateway [35.83ms]
(pass) actor deadline and send admission commit before delivery [20.48ms]
(pass) actor deadline and send admission roll back together [22.52ms]
190 |           type: "message",
191 |           content: "work",
192 |           deadline: 200,
193 |         })
194 |       ).isError,
195 |     ).not.toBe(true);
                ^
error: expect(received).not.toBe(expected)

Expected: not true

      at <anonymous> (/Users/ino/Develop/openomni-w52/apps/openomni/test/message-ingress-boundaries.test.ts:195:11)
(fail) child admission observations see the deadline before the child's inbox commit [19.93ms]
(pass) Table A projects live dnc budget without debiting ingress [15.28ms]
(pass) Table A projects live zero budget without debiting ingress [14.60ms]
(pass) Table A projects live spent budget without debiting ingress [18.37ms]
(pass) Table A projects live allowed budget without debiting ingress [16.89ms]

test/llm-failure-classification.test.ts:
(pass) turn failure classification > covers every provider failure class without exposing raw details [0.33ms]
(pass) turn failure classification > payment status can be nested and cause walking is bounded [0.09ms]

test/cli.test.ts:
(pass) env file > parse: comments, blanks, quotes, and duplicate keys (last wins) [0.07ms]
(pass) env file > render round-trips through parse and rejects line breaks [0.06ms]
(pass) env file > write replaces a symlink at the destination instead of following it [0.67ms]
(pass) env file > write creates parents and enforces 0600 on overwrite [0.64ms]
(pass) env file > failed replacement removes its temporary file [5.54ms]
(pass) env file > merge preserves explicit empty values and does not mutate process env [0.05ms]
(pass) env file > apply fills only unset keys; process env wins; missing file is a no-op [0.48ms]
(pass) daemon units > launchd plist carries bun+entry+start, KeepAlive, and log paths [0.06ms]
(pass) daemon units > systemd unit quotes ExecStart paths and restarts on failure [0.02ms]
(pass) daemon units > systemd unit escapes %, quotes, and backslashes; control chars are rejected [0.02ms]
(pass) daemon units > darwin install creates the log dir, writes the plist, boots out the old generation, bootstraps [0.04ms]
(pass) daemon units > linux install reloads, enables, restarts (replacing a running old generation), enables linger [0.02ms]
(pass) daemon units > linux install fails hard when linger cannot be enabled [0.02ms]
(pass) daemon units > install surfaces the failing command with stderr [0.01ms]
(pass) daemon units > uninstall on a clean host reports not installed and runs nothing
(pass) daemon units > uninstall removes the unit after a successful stop [0.01ms]
(pass) daemon units > uninstall after a failed stop proceeds only when inactive AND disabled are proven [0.01ms]
(pass) daemon units > uninstall keeps the unit when the process stopped but the enable symlink survived [0.01ms]
(pass) daemon units > uninstall keeps the unit when the stop fails and the state is transitional [0.01ms]
(pass) daemon units > darwin uninstall retains the plist without proof of unload: {"code":0,"stdout":"state = waiting","stderr":""} [0.02ms]
(pass) daemon units > darwin uninstall retains the plist without proof of unload: {"code":1,"stdout":"","stderr":"Operation not permitted"} [0.02ms]
(pass) daemon units > darwin uninstall proceeds when the job is specifically not found [0.01ms]
(pass) daemon units > stop failure propagates (launchctl bootout on unloaded service)
(pass) daemon units > start, stop, and restart dispatch both platform service commands [0.04ms]
(pass) daemon units > status and activity read launchctl print state [0.03ms]
(pass) onboarding > gathers model config and leaves channel provisioning to declarations [0.07ms]
(pass) onboarding > rejects a missing API key, a non-numeric port, and port 0 [0.03ms]
(pass) onboarding > onboarding accepts decimal port 1 [0.02ms]
(pass) onboarding > onboarding accepts decimal port 80
(pass) onboarding > onboarding accepts decimal port 65535
(pass) onboarding > onboarding rejects non-decimal or out-of-range port 1e2 with the original error contract [0.03ms]
(pass) onboarding > onboarding rejects non-decimal or out-of-range port 0x50 with the original error contract [0.02ms]
(pass) onboarding > onboarding rejects non-decimal or out-of-range port +80 with the original error contract
(pass) onboarding > onboarding rejects non-decimal or out-of-range port 80.0 with the original error contract [0.01ms]
(pass) onboarding > onboarding rejects non-decimal or out-of-range port 65536 with the original error contract
(pass) onboarding > onboarding rejects non-decimal or out-of-range port invalid with the original error contract [0.01ms]
(pass) onboarding > onboarding rejects non-decimal or out-of-range port 0 with the original error contract
(pass) onboarding > secret prompts are flagged so the terminal never echoes them [0.02ms]
(pass) doctor > legacy channel credential DISCORD_BOT_TOKEN fails doctor [0.11ms]
(pass) doctor > legacy channel credential TELEGRAM_BOT_TOKEN fails doctor [0.02ms]
(pass) doctor > legacy channel credential GITHUB_WEBHOOK_SECRET fails doctor [0.01ms]
(pass) doctor > all green: ok verdict and the configured port is probed [0.02ms]
(pass) doctor > missing env file only warns; absent model config fails; silent health warns [0.02ms]
(pass) doctor > exported environment alone satisfies model config without an env file [0.01ms]
(pass) doctor > a blank required value fails exactly like a missing one [0.01ms]
(pass) doctor > an installed but inactive daemon fails diagnostics
(pass) doctor > installed daemon without linger warns [0.01ms]
(pass) doctor > unsupported onboarding provider is refused before credentials [0.01ms]
(pass) doctor > active daemon with unreachable health is a failure [0.01ms]
(pass) doctor > an ephemeral port skips the probe and warns instead of failing an active daemon [0.01ms]
(pass) doctor > a port the daemon would refuse to bind fails with the config parser's verdict [0.04ms]
(pass) doctor > an unset port probes the same default the daemon binds [0.01ms]
(pass) cli entry point > returns the dispatch exit status without terminating an importer [0.04ms]
(pass) cli dispatch > machine attach validates arity and forwards the config without starting the Resident [0.03ms]
(pass) cli dispatch > unknown command prints usage and exits 1
(pass) cli dispatch > bare invocation shows usage with exit 0
(pass) cli dispatch > daemon requires a known verb
(pass) cli dispatch > daemon verb errors become stderr + exit 1, not a crash [0.03ms]
(pass) cli dispatch > dispatches start and both platform log followers [0.03ms]
(pass) cli dispatch > onboard writes collected answers and confirms an overwrite [0.03ms]
(pass) cli dispatch > onboard declines to overwrite an existing env file without consent [0.01ms]
(pass) cli dispatch > doctor exit code follows the report verdict [0.03ms]
(pass) processEntryPath > probes the JavaScript sibling, then the source entry [0.37ms]

test/machine-tool-bridge.test.ts:
(pass) code-mode tool bridge > a cell reaches host tools repeatedly within one eval [29.61ms]
(pass) code-mode tool bridge > parallel tool calls overlap and interleaved answers route by callId in input order [29.46ms]
(pass) code-mode tool bridge > completion calls the cell-only tool with one prompt and returns its value unchanged [28.08ms]
(pass) code-mode tool bridge > parallel batches completion calls and returns results in input order [27.60ms]
(pass) code-mode tool bridge > parallel waits for other thunks before propagating an exception [32.05ms]
(pass) code-mode tool bridge > a tool the host refuses raises a catchable error and does not run [27.32ms]
(pass) code-mode tool bridge > a dotted tool name reaches the host under its canonical spelling [28.34ms]
(pass) code-mode tool bridge > a tool that fails on the host surfaces the failure inside the cell [28.57ms]
(pass) code-mode tool bridge > a cell blocked on a slow tool still honours its deadline and recovers [832.38ms]
(pass) code-mode tool bridge > a duplicate in-flight cellId is refused with a typed error on a live connection [448.88ms]
(pass) code-mode tool bridge > a connection that never attached cannot reach host tools [101.96ms]
(pass) code-mode tool bridge > an attached daemon cannot invoke tools outside a cell the host dispatched [390.81ms]
(pass) code-mode tool bridge > a cellId stops working the moment its cell settles [508.76ms]
(pass) code-mode tool bridge > a superseded daemon loses tool access mid-cell without wedging it [30.16ms]
(pass) code-mode tool bridge > a thread outliving its cell is refused tools instead of inheriting the next cell [33.24ms]
(pass) code-mode tool bridge > a forged frame claiming another cell is refused without a host call [27.85ms]
(pass) code-mode tool bridge > each tenant gets its own interpreter: state persists within, never across [78.13ms]
(pass) code-mode tool bridge > a host wired without a tool port says so instead of pretending [29.50ms]

test/boot-cleanup-failures.test.ts:
(pass) boot retains both the acquisition failure and the failing cleanup [3.25ms]
(pass) server bind failure preserves its cleanup failure and closes storage [10.50ms]

test/helpers/socket-path.test.ts:
(pass) socketPath > creates distinct paths within the macOS Unix socket limit [0.01ms]

test/helpers/resident-suite.test.ts:
(pass) 967-U1 cleanup attempts every disposer and propagates every rejection [0.35ms]
(pass) 967-U1 a single cleanup rejection retains its identity [0.02ms]
(pass) 967-U1 non-Error cleanup rejections retain their cause [0.03ms]

test/helpers/assistant-message.test.ts:
(pass) assistantMessage > builds an assistant reply from a run input [0.04ms]
(pass) assistantMessage > derives call-count reply metadata [0.02ms]

14 tests failed:
(fail) real external WebSocket reply wakes its original idle request owner without legacy writes [5023.72ms]
  ^ this test timed out after 5000ms.
(fail) a cell creates three child sessions through send_message [110.46ms]
(fail) a child session terminal commits exactly one parent reply with the original reply binding [5032.58ms]
  ^ this test timed out after 5000ms.
(fail) process entry logs committed sessions and disposes its runtime [77.57ms]
(fail) process-session entry preserves deadline and parent with tool send %s [72.93ms]
(fail) process-session entry preserves deadline and parent with tool send %s [80.68ms]
(fail) startOpenOmni runs a process session and drains its atomic parent reply without ACK settlement [60052.97ms]
(fail) authenticated Owner executes the captured Person invocation once across SIGKILL and two restarts [10803.50ms]
(fail) real Owner socket cannot apply an original Person invocation against a changed domain revision [5411.00ms]
(fail) npm package staging > build stages a dependency-free package whose bundle boots with real migrations [135.34ms]
(fail) startOpenOmni deadline-bound child delivers result under the original request [5032.16ms]
  ^ this test timed out after 5000ms.
(fail) startOpenOmni deadline-bound child delivers error under the original request [5015.56ms]
(fail) startOpenOmni deadline-bound child delivers interrupted under the original request [5016.99ms]
  ^ this test timed out after 5000ms.
(fail) child admission observations see the deadline before the child's inbox commit [19.93ms]

 515 pass
 14 fail
 2326 expect() calls
Ran 529 tests across 74 files. [148.58s]
